HAS,HDS,HSOH,HxG,HxGa,Hppda,HMtime,AAS,ADS,ASOH,AxG,AxGa,Appda,AMtime,B365H,B365D,B365A,FTR,HomeTeam,AwayTeam
0,0,1490.3817309419626,2.23456,0.842407,5.942857142857143,1401.0,0,1,1452.5089807277861,0.842407,2.23456,21.454545454545453,564.9583333333334,1.14,10.0,19.0,H,Liverpool,Norwich City
0,1,1042.7470297278455,1.2003,3.18377,16.4,445.0,1,0,1108.7510586013898,3.18377,1.2003,6.935483870967742,1135.0,12.0,6.5,1.22,A,West Ham United,Manchester City
0,1,1016.8993065927248,1.34099,1.59864,13.6,2493.0,2,1,1034.3723643539722,1.59864,1.34099,9.133333333333333,1185.0,1.95,3.6,3.6,D,Bournemouth,Sheffield United
2,1,1090.5500532807034,0.909241,1.08752,9.277777777777779,2474.9583333333335,0,0,1033.966243769238,1.08752,0.909241,5.5,246.95833333333334,2.62,3.2,2.75,H,Burnley,Southampton
0,1,1018.7284847670446,0.87159,1.2246,11.307692307692308,697.0,0,1,996.4645970004391,1.2246,0.87159,4.074074074074074,436.0,3.0,3.25,2.37,D,Crystal Palace,Everton
2,1,1038.8657592975242,0.670022,0.855516,9.785714285714286,770.0,0,1,1102.7817978762878,0.855516,0.670022,11.5,82.0,1.9,3.4,4.0,A,Watford,Brighton & Hove Albion
0,3,1257.481443852688,2.57262,0.639599,5.25,1914.0,0,1,1231.9419398537525,0.639599,2.57262,13.421052631578947,311.0,1.3,5.25,10.0,H,Tottenham Hotspur,Aston Villa
0,1,1221.5062638677575,0.543759,0.812949,6.434782608695652,164.95833333333334,0,1,1231.2261148716814,0.812949,0.543759,18.666666666666668,802.0,2.2,3.2,3.4,D,Leicester City,Wolverhampton Wanderers
2,3,1006.3774474752488,0.380551,1.13309,13.206896551724139,25.0,0,1,1076.6325791526772,1.13309,0.380551,11.052631578947368,445.0,4.5,3.75,1.72,A,Newcastle United,Arsenal
0,2,1304.6443838284008,2.37442,1.09534,9.064516129032258,234.95833333333334,1,1,1204.37924509683,1.09534,2.37442,6.4523809523809526,38.0,2.1,3.3,3.5,H,Manchester United,Chelsea
0,1,1265.593151136626,1.1644,1.39172,5.3125,451.0,2,1,1257.1265415056362,1.39172,1.1644,11.384615384615385,2481.9583333333335,1.3,5.5,10.0,H,Arsenal,Burnley
0,1,994.2836827531747,1.65069,1.62777,13.0,318.0,0,1,1025.0886814823366,1.62777,1.65069,10.72,2500.0,2.3,3.4,3.1,A,Aston Villa,Bournemouth
0,1,1004.3426124508252,2.40461,1.00856,5.485714285714286,89.0,0,1,974.7293431734023,1.00856,2.40461,8.870967741935484,452.0,2.55,3.25,2.87,D,Brighton & Hove Albion,West Ham United
0,1,1188.5135112119683,0.832913,1.17279,8.863636363636363,443.0,2,1,1133.8133817225703,1.17279,0.832913,3.925,777.0,1.72,3.8,4.75,H,Everton,Watford
0,1,926.7197259613822,2.09572,0.920429,13.928571428571429,572.9583333333334,2,3,855.930245070948,0.920429,2.09572,17.5,31.0,2.25,3.3,3.3,H,Norwich City,Newcastle United
0,0,1014.1203092807209,2.14047,1.52022,12.0,253.95833333333334,0,0,1065.3319391103512,1.52022,2.14047,9.428571428571429,1409.0,6.5,4.75,1.44,A,Southampton,Liverpool
1,0,1371.8532408390738,3.20076,0.074542,8.976744186046512,1142.0,0,3,1414.5434540888693,0.074542,3.20076,47.142857142857146,1921.0,1.36,5.25,8.0,D,Manchester City,Tottenham Hotspur
2,1,1188.1956076553004,1.84778,0.241912,11.12,1193.0,0,1,1139.0081208756026,0.241912,1.84778,11.6,705.0,2.55,3.1,2.9,H,Sheffield United,Crystal Palace
1,1,1233.9392158255532,1.22629,0.947941,10.576923076923077,45.0,0,1,1242.6170131578426,0.947941,1.22629,6.297297297297297,171.95833333333334,1.7,3.75,5.0,D,Chelsea,Leicester City
0,1,1224.184213197194,0.307356,1.14332,19.95,810.0,0,2,1216.7096970183452,1.14332,0.307356,8.363636363636363,242.95833333333334,3.3,3.3,2.25,D,Wolverhampton Wanderers,Manchester United
0,1,1021.496109076781,0.855926,1.25668,13.25,324.0,0,1,969.1267554194628,1.25668,0.855926,5.407407407407407,449.0,3.25,3.5,2.15,H,Aston Villa,Everton
0,1,913.4945422394749,1.07904,1.89428,10.0,579.9583333333334,1,1,935.1304367606492,1.89428,1.07904,13.727272727272727,51.0,4.33,3.75,1.8,A,Norwich City,Chelsea
0,1,974.3467665691243,0.997711,2.07795,9.173913043478262,96.0,0,0,1038.6529507748523,2.07795,0.997711,10.75,260.9583333333333,2.4,3.3,3.0,A,Brighton & Hove Albion,Southampton
0,2,1263.5504692525585,2.23561,0.676993,6.857142857142857,247.95833333333334,0,1,1340.7350983017102,0.676993,2.23561,15.277777777777779,711.0,1.33,5.25,9.0,A,Manchester United,Crystal Palace
2,1,1159.9346494227993,0.654318,0.704879,11.391304347826088,1199.0,0,1,1209.3113877082587,0.704879,0.654318,8.941176470588236,177.95833333333334,3.3,3.3,2.25,A,Sheffield United,Leicester City
2,1,1002.8618934032797,2.29348,3.45768,9.285714285714286,784.0,0,1,1083.210663371246,3.45768,2.29348,12.947368421052632,459.0,2.05,3.5,3.5,A,Watford,West Ham United
0,0,1494.0859036964648,2.78821,0.985542,9.783783783783784,1416.0,0,1,1486.152910677913,0.985542,2.78821,28.428571428571427,458.0,1.5,4.6,6.0,H,Liverpool,Arsenal
0,1,991.3131004904423,1.89345,3.12856,22.9,2508.0,1,0,1044.7100966368496,3.12856,1.89345,5.173913043478261,1150.0,15.0,7.5,1.16,A,Bournemouth,Manchester City
0,3,1210.1210395066028,1.25927,0.51428,4.842105263157895,1929.0,2,3,1302.9727531879632,0.51428,1.25927,32.3,39.0,1.2,6.5,14.0,A,Tottenham Hotspur,Newcastle United
0,1,1219.4180621050098,1.32793,1.22762,11.833333333333334,816.0,2,1,1221.8208999577434,1.22762,1.32793,14.619047619047619,2489.9583333333335,1.85,3.4,4.5,D,Wolverhampton Wanderers,Burnley
0,0,1021.2948986396366,0.769616,1.90356,6.666666666666667,267.9583333333333,0,2,1000.9974519746886,1.90356,0.769616,13.571428571428571,254.95833333333334,3.8,3.3,2.05,D,Southampton,Manchester United
1,1,1216.5041884091181,2.30579,1.04649,14.882352941176471,58.0,2,1,1246.9037911850053,1.04649,2.30579,20.916666666666668,1206.0,1.36,4.75,9.0,D,Chelsea,Sheffield United
0,1,1051.5982590870658,1.41394,0.30354,9.0,718.0,0,1,980.060716957787,0.30354,1.41394,9.04,332.0,2.15,3.3,3.5,H,Crystal Palace,Aston Villa
0,1,1233.0294182647997,2.23766,0.554726,6.914285714285715,184.95833333333334,0,1,1209.3043946166292,0.554726,2.23766,10.0,2514.0,1.7,4.0,4.75,H,Leicester City,Bournemouth
1,0,1381.8595412174136,2.30818,0.861035,11.4375,1156.0,0,1,1363.0909789590437,0.861035,2.30818,21.625,103.0,1.08,10.0,26.0,H,Manchester City,Brighton & Hove Albion
2,3,1008.3475283412898,1.04131,1.1068,19.6,45.0,2,1,997.5979258760757,1.1068,1.04131,12.0,791.0,2.5,3.25,2.87,D,Newcastle United,Watford
0,1,1106.9532781736505,2.20657,1.1674,7.842105263157895,466.0,0,1,997.0655529357014,1.1674,2.20657,8.74074074074074,586.9583333333334,1.85,3.9,3.9,H,West Ham United,Norwich City
2,1,1056.910747789495,0.61739,1.20057,16.263157894736842,2495.9583333333335,0,0,1137.4700194440425,1.20057,0.61739,6.208333333333333,1423.0,9.5,5.5,1.3,A,Burnley,Liverpool
0,1,1209.4283069456194,1.48842,2.00172,5.333333333333333,458.0,0,1,1160.4554826055721,2.00172,1.48842,20.166666666666668,823.0,2.2,3.25,3.5,H,Everton,Wolverhampton Wanderers
0,1,1269.0922864507747,1.92509,1.95514,6.787878787878788,466.0,0,3,1255.4870124806587,1.95514,1.92509,12.176470588235293,1936.0,2.37,3.6,2.8,D,Arsenal,Tottenham Hotspur
0,0,1505.9100144127153,2.93281,0.291073,6.958333333333333,1437.0,2,3,1481.6001805055062,0.291073,2.93281,41.9,59.0,1.14,8.5,17.0,H,Liverpool,Newcastle United
0,1,984.3638916483723,1.68545,0.341654,3.9642857142857144,117.0,2,1,959.0440301587148,0.341654,1.68545,12.1,2509.9583333333335,2.15,3.3,3.5,D,Brighton & Hove Albion,Burnley
0,2,1278.1279325131627,1.10019,0.459141,9.72,268.9583333333333,0,1,1242.4218855854508,0.459141,1.10019,4.771428571428571,198.95833333333334,1.95,3.5,4.0,H,Manchester United,Leicester City
2,1,1120.8650231277863,1.88034,1.57659,12.523809523809524,1220.0,0,0,1193.323562906647,1.57659,1.88034,12.823529411764707,281.9583333333333,2.45,3.2,3.0,A,Sheffield United,Southampton
0,3,1261.1157429275163,1.04944,0.577323,6.545454545454546,1949.0,0,1,1176.1416841746998,0.577323,1.04944,17.083333333333332,732.0,1.36,5.25,8.0,H,Tottenham Hotspur,Crystal Palace
0,1,1174.3513535917077,1.49359,3.06799,13.107142857142858,836.0,1,1,1292.6605424261456,3.06799,1.49359,7.1,72.0,2.9,3.3,2.5,A,Wolverhampton Wanderers,Chelsea
0,1,940.7346576000376,1.7413,2.34436,18.428571428571427,7.0,1,0,879.4775128089184,2.34436,1.7413,7.958333333333333,1170.0,15.0,9.0,1.14,H,Norwich City,Manchester City
0,1,1016.1431585768972,1.41542,1.50641,12.090909090909092,2529.0,0,1,967.9073699141017,1.50641,1.41542,5.516129032258065,472.0,2.9,3.5,2.4,H,Bournemouth,Everton
2,1,1022.90303357259,2.83209,1.00616,9.071428571428571,806.0,0,1,980.7769975229844,1.00616,2.83209,21.416666666666668,480.0,3.6,3.6,2.0,D,Watford,Arsenal
0,1,1018.7523464822798,1.40502,0.535279,9.681818181818182,348.0,0,1,1017.1015124055298,0.535279,1.40502,10.090909090909092,482.0,2.62,3.5,2.6,D,Aston Villa,West Ham United
0,0,1002.4956278303548,2.18021,1.29773,4.085714285714285,287.9583333333333,0,1,1040.2756545521029,1.29773,2.18021,17.9375,2534.0,2.05,3.6,3.5,A,Southampton,Bournemouth
0,1,1252.5406274771553,1.28752,1.33735,10.636363636363637,205.95833333333334,0,3,1206.4157112417681,1.33735,1.28752,5.617647058823529,1956.0,2.87,3.5,2.37,H,Leicester City,Tottenham Hotspur
2,1,1078.280406055384,2.39312,0.801428,11.68,2516.9583333333335,0,1,1036.1748674832795,0.801428,2.39312,14.9,14.0,2.0,3.8,3.5,H,Burnley,Norwich City
0,1,1179.9772529940226,1.26041,0.508011,5.647058823529412,478.0,2,1,1242.8990541051808,0.508011,1.26041,13.15,1227.0,1.61,3.75,6.0,A,Everton,Sheffield United
1,0,1388.7465761870233,6.63049,0.344718,11.333333333333334,1177.0,2,1,1376.925583929154,0.344718,6.63049,35.833333333333336,812.0,1.1,11.0,21.0,H,Manchester City,Watford
2,3,1023.9731690139537,1.09807,1.21592,22.9,66.0,0,1,989.0903472545833,1.21592,1.09807,6.095238095238095,124.0,2.5,3.2,3.0,D,Newcastle United,Brighton & Hove Albion
0,1,1052.2354495200543,0.984777,1.75572,13.947368421052632,740.0,0,1,1044.0119835050446,1.75572,0.984777,12.523809523809524,844.0,2.62,3.1,2.87,D,Crystal Palace,Wolverhampton Wanderers
0,1,1124.5070965788332,0.51376,1.27826,14.947368421052632,488.0,0,2,1089.3495285953845,1.27826,0.51376,17.181818181818183,276.9583333333333,3.1,3.6,2.2,H,West Ham United,Manchester United
0,1,1273.9054739826092,2.53209,1.71546,9.1,487.0,0,1,1261.1296552525089,1.71546,2.53209,11.0,354.0,1.4,4.75,8.0,H,Arsenal,Aston Villa
1,1,1179.652544192545,1.23321,1.03003,11.625,80.0,0,0,1247.095049191091,1.03003,1.23321,7.914285714285715,1445.0,3.5,3.75,2.0,A,Chelsea,Liverpool
2,1,1097.7488475288044,1.17022,1.97079,24.235294117647058,1234.0,0,0,1137.1616647019816,1.97079,1.17022,11.272727272727273,1451.0,9.0,5.25,1.33,A,Sheffield United,Liverpool
0,1,1008.0068135640419,0.914266,1.66919,6.05,360.0,2,1,1023.0069028683558,1.66919,0.914266,9.045454545454545,2523.9583333333335,2.3,3.4,3.1,D,Aston Villa,Burnley
0,1,1009.2035052529652,2.31957,1.29546,11.25,2542.0,0,1,1016.0741996505519,1.29546,2.31957,13.1,494.0,2.5,3.5,2.75,D,Bournemouth,West Ham United
1,1,1191.508277737819,4.26443,0.616263,14.541666666666666,86.0,0,1,1167.137086854336,0.616263,4.26443,12.76923076923077,131.0,1.4,4.75,8.0,H,Chelsea,Brighton & Hove Albion
0,1,1077.654657129378,1.80497,0.712129,12.782608695652174,746.0,0,1,1028.3902788461269,0.712129,1.80497,9.11111111111111,21.0,1.9,3.75,3.75,H,Crystal Palace,Norwich City
0,3,1274.9007721029611,1.19008,1.16256,31.75,1963.0,0,0,1240.932804588857,1.16256,1.19008,5.648648648648648,295.9583333333333,1.4,4.75,8.0,H,Tottenham Hotspur,Southampton
0,1,1222.611736357122,1.16363,1.06615,22.9375,850.0,2,1,1136.2292864506462,1.06615,1.16363,11.380952380952381,819.0,1.85,3.4,4.5,H,Wolverhampton Wanderers,Watford
0,1,1134.5108341829668,2.35854,3.1082,32.666666666666664,485.0,1,0,1243.6814149635306,3.1082,2.35854,9.714285714285714,1184.0,10.0,5.5,1.3,A,Everton,Manchester City
0,1,1320.3041745812122,1.82438,0.054134,5.5588235294117645,213.95833333333334,2,3,1213.0934196575683,0.054134,1.82438,35.72727272727273,74.0,1.5,4.0,7.5,H,Leicester City,Newcastle United
0,2,1257.7367947930557,1.1335,1.70399,5.925925925925926,284.9583333333333,0,1,1295.4806975916267,1.70399,1.1335,10.125,495.0,2.37,3.5,2.9,D,Manchester United,Arsenal
0,1,1042.880482510353,2.60017,0.478504,8.135135135135135,138.0,0,3,945.2564492516254,0.478504,2.60017,15.235294117647058,1970.0,3.9,3.6,1.9,H,Brighton & Hove Albion,Tottenham Hotspur
2,1,1089.756573905467,0.558912,1.30723,19.5,2530.9583333333335,0,1,1060.965577987883,1.30723,0.558912,7.8,492.0,2.87,3.3,2.5,H,Burnley,Everton
0,0,1511.4018706511008,3.74867,0.0982107,7.78125,1458.0,0,1,1496.9130553441798,0.0982107,3.74867,9.25,219.95833333333334,1.44,4.75,7.0,H,Liverpool,Leicester City
0,1,929.7606262366392,1.84838,3.67827,6.041666666666667,28.0,0,1,953.535151047187,3.67827,1.84838,8.8,367.0,2.37,3.6,2.8,A,Norwich City,Aston Villa
2,1,1031.2097500702878,1.44318,0.353724,19.375,826.0,2,1,1008.8967498387308,0.353724,1.44318,6.7272727272727275,1241.0,2.05,3.4,3.6,D,Watford,Sheffield United
0,1,1096.0492327251875,1.23577,2.0682,14.789473684210526,501.0,0,1,1145.818803637491,2.0682,1.23577,20.071428571428573,753.0,1.95,3.6,3.8,A,West Ham United,Crystal Palace
0,1,1280.2956110409175,1.24109,0.683967,7.0285714285714285,501.0,0,1,1263.5700505525228,0.683967,1.24109,10.217391304347826,2550.0,1.44,4.75,7.0,H,Arsenal,Bournemouth
1,0,1342.3341265710385,1.61884,1.18825,4.115384615384615,1192.0,0,1,1454.6831960011855,1.18825,1.61884,19.6875,858.0,1.12,9.0,21.0,A,Manchester City,Wolverhampton Wanderers
0,0,989.9587005056059,1.27044,2.15201,10.884615384615385,303.9583333333333,1,1,1016.3539697384124,2.15201,1.27044,11.105263157894736,94.0,4.0,3.8,1.85,A,Southampton,Chelsea
2,3,1046.4900125292097,0.650296,0.969204,28.454545454545453,81.0,0,2,994.323707663823,0.969204,0.650296,6.818181818181818,290.9583333333333,4.5,3.5,1.85,H,Newcastle United,Manchester United
0,1,1151.1171796914641,2.23324,0.459112,5.71875,506.0,0,1,1117.7175833386202,0.459112,2.23324,10.052631578947368,515.0,1.95,3.75,3.75,H,Everton,West Ham United
0,1,1037.220969640845,2.96692,1.32184,15.055555555555555,381.0,0,1,972.2952141652376,1.32184,2.96692,9.523809523809524,152.0,2.35,3.4,3.0,H,Aston Villa,Brighton & Hove Albion
0,1,1003.4911734151331,0.675554,0.402873,12.7,2563.0,0,1,1007.824307669107,0.402873,0.675554,11.833333333333334,42.0,1.72,4.2,4.2,D,Bournemouth,Norwich City
1,1,1210.9597680931342,2.30068,0.197082,4.6521739130434785,107.0,2,3,1164.9570971440085,0.197082,2.30068,23.5,94.0,1.3,5.5,10.0,H,Chelsea,Newcastle United
0,1,1324.9143295154117,0.8291,1.79569,7.6,233.95833333333334,2,1,1312.6549384359375,1.79569,0.8291,15.2,2544.9583333333335,1.57,4.0,6.0,H,Leicester City,Burnley
0,3,1260.000267468828,0.891617,0.846851,7.434782608695652,1984.0,2,1,1284.3808503192731,0.846851,0.891617,18.894736842105264,840.0,1.4,5.0,7.5,D,Tottenham Hotspur,Watford
0,1,1216.8403979683974,0.887495,1.37695,14.666666666666666,871.0,0,0,1221.2946501036965,1.37695,0.887495,12.041666666666666,316.9583333333333,1.8,3.6,4.5,D,Wolverhampton Wanderers,Southampton
0,1,1057.3492839038295,0.616864,4.02104,18.57894736842105,767.0,1,0,1098.484749660069,4.02104,0.616864,6.7368421052631575,1205.0,12.0,7.0,1.22,A,Crystal Palace,Manchester City
0,2,1243.7019470111602,0.791862,1.03212,31.5,304.9583333333333,0,0,1266.08056051811,1.03212,0.791862,5.172413793103448,1473.0,5.25,3.8,1.65,D,Manchester United,Liverpool
2,1,1129.601424882098,0.895722,0.949735,12.214285714285714,1257.0,0,1,1059.8810663265974,0.949735,0.895722,5.944444444444445,516.0,3.9,3.75,1.9,H,Sheffield United,Arsenal
0,0,985.5759825910737,0.457334,4.38046,17.047619047619047,322.9583333333333,0,1,996.3659586660102,4.38046,0.457334,3.189189189189189,239.95833333333334,3.1,3.4,2.3,A,Southampton,Leicester City
1,0,1347.285357287359,3.19004,0.980145,8.083333333333334,1212.0,0,1,1337.5151117925957,0.980145,3.19004,26.7,388.0,1.08,11.0,26.0,H,Manchester City,Aston Villa
0,1,1062.093071939614,1.15279,1.04723,8.464285714285714,159.0,0,1,1016.5803293371154,1.04723,1.15279,11.678571428571429,513.0,2.9,3.25,2.5,H,Brighton & Hove Albion,Everton
2,1,1040.2983495592616,0.674903,0.899526,13.153846153846153,847.0,0,1,1016.6052197498907,0.899526,0.674903,9.368421052631579,2570.0,2.15,3.6,3.25,D,Watford,Bournemouth
0,1,1083.7497541937062,2.33891,1.16171,10.125,522.0,2,1,1102.192053217704,1.16171,2.33891,14.428571428571429,1262.0,2.1,3.5,3.5,D,West Ham United,Sheffield United
2,1,1053.221488803064,2.23494,0.988321,15.96,2551.9583333333335,1,1,1135.0633790556737,0.988321,2.23494,10.473684210526315,114.0,4.5,4.0,1.72,A,Burnley,Chelsea
2,3,1064.2383687669196,0.603104,1.93255,38.625,102.0,0,1,1025.8442993984108,1.93255,0.603104,9.6,879.0,3.0,3.1,2.55,D,Newcastle United,Wolverhampton Wanderers
0,1,1265.5911161210397,1.54014,1.77892,7.666666666666667,522.0,0,1,1289.5160838230213,1.77892,1.54014,26.3,775.0,1.45,4.75,6.5,D,Arsenal,Crystal Palace
0,0,1512.4594712863548,2.18851,1.35143,5.068965517241379,1480.0,0,3,1509.5516203632112,1.35143,2.18851,32.3,1992.0,1.5,4.33,6.5,H,Liverpool,Tottenham Hotspur
0,1,902.2195406008535,0.8924,4.51232,8.653846153846153,50.0,0,2,960.3712149290781,4.51232,0.8924,9.5,311.9583333333333,4.33,4.0,1.75,A,Norwich City,Manchester United
0,1,1018.7383687242524,1.86862,0.641129,8.25925925925926,2577.0416666666665,0,2,981.5780708312345,0.641129,1.86862,8.5,318.0,3.25,3.6,2.15,H,Bournemouth,Manchester United
0,1,1246.787557587195,1.02552,1.5103,14.071428571428571,528.0416666666666,0,1,1280.5414178670185,1.5103,1.02552,11.76,885.0416666666666,1.75,3.75,4.75,D,Arsenal,Wolverhampton Wanderers
0,1,1021.0901682609215,0.741615,2.38824,20.928571428571427,395.0416666666667,0,0,1047.7833483541667,2.38824,0.741615,4.4,1486.0416666666667,9.0,5.0,1.33,A,Aston Villa,Liverpool
0,1,1083.956619995428,2.65496,0.455082,6.967741935483871,166.04166666666666,0,1,1040.9665728699815,0.455082,2.65496,15.210526315789474,56.041666666666664,1.72,4.2,4.33,H,Brighton & Hove Albion,Norwich City
1,0,1357.9859770784763,3.36132,0.893889,3.1923076923076925,1219.0416666666667,0,0,1330.973578775075,0.893889,3.36132,17.75,331.0,1.07,13.0,23.0,H,Manchester City,Southampton
2,1,1183.614983025626,2.58392,0.716613,17.714285714285715,1269.0416666666667,2,1,1092.5267961539334,0.716613,2.58392,8.5,2559.0,2.25,3.2,3.4,H,Sheffield United,Burnley
0,1,1057.3988310216316,1.53597,1.93192,4.166666666666667,529.0416666666666,2,3,1103.0105509655432,1.93192,1.53597,14.470588235294118,108.04166666666667,1.75,3.8,4.5,A,West Ham United,Newcastle United
2,1,1014.9216916552043,1.4744,2.18313,20.2,854.0416666666666,1,1,1058.643671222643,2.18313,1.4744,11.263157894736842,121.04166666666667,5.0,4.33,1.61,A,Watford,Chelsea
0,1,1021.5290742652224,0.44291,0.981167,17.8,782.0416666666666,0,1,1101.3646652326916,0.981167,0.44291,6.413793103448276,249.0,3.5,3.4,2.1,A,Crystal Palace,Leicester City
0,1,1166.9035810997823,1.15532,0.243393,11.24,521.0416666666666,0,3,1131.7528758351675,0.243393,1.15532,10.222222222222221,1999.0416666666667,2.7,3.4,2.6,D,Everton,Tottenham Hotspur
0,1,893.9885690698346,0.62104,1.36017,7.578947368421052,62.041666666666664,2,1,909.701518749789,1.36017,0.62104,15.545454545454545,860.0416666666666,2.7,3.5,2.55,A,Norwich City,Watford
1,1,1246.148206850165,3.28903,0.479488,7.75,128.04166666666666,0,1,1180.4015820047457,0.479488,3.28903,13.91304347826087,788.0416666666666,1.33,5.0,10.0,H,Chelsea,Crystal Palace
2,1,1092.5162410860314,2.4158,0.474281,9.083333333333334,2566.0,0,1,1023.6332055019524,0.474281,2.4158,5.708333333333333,536.0416666666666,2.25,3.5,3.1,H,Burnley,West Ham United
2,3,1079.2116403659747,2.3306,1.9213,18.88235294117647,115.04166666666667,0,1,1042.6445350594445,1.9213,2.3306,7.823529411764706,2584.0416666666665,2.55,3.25,2.8,H,Newcastle United,Bournemouth
0,0,955.6755950579808,0.742281,2.08883,9.941176470588236,338.0,0,1,1008.3509436406237,2.08883,0.742281,6.516129032258065,527.0416666666666,2.9,3.3,2.45,A,Southampton,Everton
0,3,1244.2409901931835,1.5104,0.923443,9.529411764705882,2005.0416666666667,2,1,1270.6340746757016,0.923443,1.5104,11.517241379310345,1276.0416666666667,1.57,4.0,6.0,D,Tottenham Hotspur,Sheffield United
0,1,1333.0871167002983,1.37055,0.961339,8.088235294117647,255.0,0,1,1315.9828078888893,0.961339,1.37055,17.142857142857142,535.0416666666666,2.0,3.75,3.5,H,Leicester City,Arsenal
0,2,1251.6113682580649,3.65299,1.1342,11.961538461538462,326.0,0,1,1235.0364102294254,1.1342,3.65299,5.314285714285714,174.04166666666666,1.6,3.75,6.5,H,Manchester United,Brighton & Hove Albion
0,1,1243.3263097383929,2.09891,0.473225,6.59375,893.0416666666666,0,1,1183.4902654022985,0.473225,2.09891,6.3,403.0416666666667,1.9,3.5,4.2,H,Wolverhampton Wanderers,Aston Villa
0,0,1516.1590744564069,1.3319,1.48104,20.46153846153846,1494.0416666666667,1,0,1508.2356749546996,1.48104,1.3319,12.047619047619047,1227.0416666666667,2.5,3.6,2.62,H,Liverpool,Manchester City
0,1,1030.5568005195719,0.661449,2.20681,11.333333333333334,550.0416666666666,0,3,1077.1288371733153,2.20681,0.661449,9.08695652173913,3.0,4.2,4.33,1.7,A,West Ham United,Tottenham Hotspur
0,1,1245.6504355036839,1.60823,2.60312,6.0,549.0416666666666,0,0,1240.8457206941657,2.60312,1.60823,7.3428571428571425,352.0,1.45,4.75,6.5,D,Arsenal,Southampton
0,1,1004.6064642093214,0.849789,1.2765,14.043478260869565,2598.0416666666665,0,1,1027.8071179573078,1.2765,0.849789,13.7,906.0416666666666,2.75,3.3,2.6,A,Bournemouth,Wolverhampton Wanderers
0,1,1053.1231234017932,0.784706,3.50917,16.466666666666665,187.04166666666666,0,1,1119.5792764058851,3.50917,0.784706,27.0,269.0,3.75,3.5,2.0,A,Brighton & Hove Albion,Leicester City
0,1,991.300922802323,1.02306,1.64291,21.923076923076923,802.0416666666666,0,0,1044.643514994649,1.64291,1.02306,10.11111111111111,1507.0416666666667,7.5,4.75,1.4,A,Crystal Palace,Liverpool
0,1,1127.6068009579267,0.812693,1.80849,5.956521739130435,541.0416666666666,0,1,1217.430817142648,1.80849,0.812693,8.217391304347826,77.04166666666667,1.36,5.1,8.0,A,Everton,Norwich City
2,1,988.3124774224082,0.902384,2.66281,5.947368421052632,875.0416666666666,2,1,1049.058793459113,2.66281,0.902384,11.625,2580.0,2.3,3.4,3.1,A,Watford,Burnley
1,0,1362.5471004676924,1.23596,0.820474,16.333333333333332,1240.0416666666667,1,1,1350.4127018235092,0.820474,1.23596,18.63157894736842,142.04166666666666,1.44,5.0,6.5,H,Manchester City,Chelsea
2,1,1166.0891171143787,1.56025,1.33065,10.483870967741936,1291.0416666666667,0,2,1196.7090160524294,1.33065,1.56025,8.631578947368421,340.0,3.5,3.4,2.1,D,Sheffield United,Manchester United
0,1,1056.6405281826885,2.6985,0.69784,7.333333333333333,418.0416666666667,2,3,990.3023846293614,0.69784,2.6985,17.6,131.04166666666666,2.05,3.4,3.7,H,Aston Villa,Newcastle United
2,3,1097.6722700985044,0.208252,2.44389,38.55555555555556,136.04166666666666,1,0,1058.112271585002,2.44389,0.208252,4.115384615384615,1247.0416666666667,13.0,8.0,1.16,D,Newcastle United,Manchester City
2,1,1066.6448744087818,1.8509,0.936732,8.375,2587.0,0,1,1120.727724547074,0.936732,1.8509,7.291666666666667,809.0416666666666,2.25,3.25,3.3,A,Burnley,Crystal Palace
1,1,1202.9035168680116,2.73185,1.12034,11.357142857142858,149.04166666666666,0,1,1285.2783478727804,1.12034,2.73185,11.205882352941176,557.0416666666666,1.28,6.0,9.0,A,Chelsea,West Ham United
0,0,1521.1739718831093,1.36832,0.867601,14.916666666666666,1514.0416666666667,0,1,1507.8869094021327,0.867601,1.36832,15.055555555555555,194.04166666666666,1.18,7.0,15.0,H,Liverpool,Brighton & Hove Albion
0,3,1251.7312563196283,2.93189,1.02949,8.88888888888889,10.0,0,1,1232.3120088480387,1.02949,2.93189,8.5625,2605.0416666666665,1.36,5.5,7.5,H,Tottenham Hotspur,Bournemouth
0,0,970.7492349720605,1.9671,0.504005,7.555555555555555,359.0,2,1,933.9645221541418,0.504005,1.9671,14.2,882.0416666666666,2.1,3.4,3.5,H,Southampton,Watford
0,1,912.2157251536067,0.810596,1.96157,24.666666666666668,85.04166666666667,0,1,873.0372400062914,1.96157,0.810596,7.884615384615385,557.0416666666666,4.0,4.33,1.75,D,Norwich City,Arsenal
0,1,1238.1706935853858,1.27422,1.47296,7.571428571428571,914.0416666666666,2,1,1241.3653943901836,1.47296,1.27422,7.891891891891892,1298.0416666666667,1.9,3.5,4.2,D,Wolverhampton Wanderers,Sheffield United
0,1,1337.0774456214383,2.24348,1.24986,5.608695652173913,277.0,0,1,1326.4061631060606,1.24986,2.24348,18.35,549.0416666666666,1.61,4.0,5.25,H,Leicester City,Everton
0,2,1240.3775005139908,1.84804,1.29701,6.6521739130434785,347.0,0,1,1256.4512149496793,1.29701,1.84804,12.0,424.0416666666667,1.45,4.5,7.0,D,Manchester United,Aston Villa
0,1,1025.9247719331918,0.383763,0.342799,20.333333333333332,812.0416666666666,0,1,951.2923097954061,0.342799,0.383763,5.619047619047619,2608.0416666666665,2.2,3.4,3.25,H,Crystal Palace,Bournemouth
2,1,1034.0798122771782,0.486548,2.56057,25.9375,2590.0,1,0,1111.469106170959,2.56057,0.486548,11.2,1250.0416666666667,11.0,7.0,1.22,A,Burnley,Manchester City
1,1,1224.5807803787088,1.9774,0.86086,6.961538461538462,153.04166666666666,0,1,1174.0806714668047,0.86086,1.9774,13.892857142857142,427.0416666666667,1.28,5.75,10.0,H,Chelsea,Aston Villa
0,1,1341.0032584768528,2.28735,0.199733,7.190476190476191,280.0,2,1,1332.6054974803294,0.199733,2.28735,13.541666666666666,886.0416666666666,1.33,5.5,8.0,H,Leicester City,Watford
0,2,1249.3846345262407,1.47683,0.542315,7.368421052631579,350.0,0,3,1226.329805242169,0.542315,1.47683,8.481481481481481,14.0,2.75,3.4,2.55,H,Manchester United,Tottenham Hotspur
0,0,1005.7184435550669,2.00232,0.896647,9.305555555555555,363.0,0,1,930.4822096301846,0.896647,2.00232,13.833333333333334,88.04166666666667,1.72,4.0,4.2,H,Southampton,Norwich City
0,1,1270.0055259618916,1.82237,0.501977,9.258064516129032,917.0416666666666,0,1,1209.8016453819278,0.501977,1.82237,9.846153846153847,561.0416666666666,1.75,3.7,4.75,H,Wolverhampton Wanderers,West Ham United
0,0,1534.726064648843,2.41397,1.76453,9.68421052631579,1518.0416666666667,0,1,1508.8842893014823,1.76453,2.41397,9.0,552.0416666666666,1.36,5.0,8.5,H,Liverpool,Everton
2,1,1124.5755182037035,1.09175,0.533775,7.3125,1302.0416666666667,2,3,1221.0936467747065,0.533775,1.09175,60.0,141.04166666666666,1.83,3.4,4.6,A,Sheffield United,Newcastle United
0,1,1231.543810736223,0.965377,1.53446,13.9375,561.0416666666666,0,1,1254.7006768651695,1.53446,0.965377,8.392857142857142,199.04166666666666,1.57,4.33,5.5,A,Arsenal,Brighton & Hove Albion
0,1,1177.8359445679218,2.03892,1.25734,8.974358974358974,555.0416666666666,1,1,1088.462421625414,1.25734,2.03892,4.611111111111111,156.04166666666666,3.5,3.75,2.0,H,Everton,Chelsea
0,1,975.334118386596,0.154608,3.04446,43.916666666666664,2612.0416666666665,0,0,1043.337092077434,3.04446,0.154608,9.352941176470589,1521.0416666666667,7.0,5.25,1.4,A,Bournemouth,Liverpool
0,3,1266.6330705243006,2.39684,1.08645,11.0,17.0,2,1,1239.8584437422414,1.08645,2.39684,11.296296296296296,2594.0,1.4,4.75,8.0,H,Tottenham Hotspur,Burnley
2,1,990.6381976862333,1.57132,0.210746,10.5,889.0416666666666,0,1,979.2204469434774,0.210746,1.57132,9.05,816.0416666666666,2.37,3.3,3.1,D,Watford,Crystal Palace
1,0,1321.444685185995,2.07108,1.63385,3.742857142857143,1254.0416666666667,0,2,1398.6494760912835,1.63385,2.07108,20.846153846153847,353.0,1.3,5.5,10.0,A,Manchester City,Manchester United
0,1,1028.9838256955775,1.24141,4.03286,8.666666666666666,431.0416666666667,0,1,1092.5506867321128,4.03286,1.24141,4.296296296296297,284.0,4.33,3.8,1.8,A,Aston Villa,Leicester City
2,3,1125.7629578251983,1.10449,1.89255,13.8,144.04166666666666,0,0,1062.916202316857,1.89255,1.10449,4.866666666666666,367.0,2.5,3.2,2.9,H,Newcastle United,Southampton
0,1,901.667251216965,0.585805,0.712899,12.375,2.0,2,1,918.750985711856,0.712899,0.585805,11.12,1305.0416666666667,2.9,3.5,2.37,A,Norwich City,Sheffield United
0,1,1044.477615848126,0.951621,1.87208,5.866666666666666,202.04166666666666,0,1,1054.9415393584998,1.87208,0.951621,23.133333333333333,921.0416666666666,2.62,3.1,2.87,D,Brighton & Hove Albion,Wolverhampton Wanderers
0,1,989.8100466568608,0.521847,1.79181,12.135135135135135,566.0416666666666,0,1,1083.9819836435074,1.79181,0.521847,23.166666666666668,565.0416666666666,3.3,4.0,2.0,A,West Ham United,Arsenal
0,0,1545.9326747590273,1.56674,1.01166,5.038461538461538,1528.0416666666667,2,1,1522.8244652903131,1.01166,1.56674,17.772727272727273,896.0416666666666,1.16,7.5,17.0,H,Liverpool,Watford
2,1,1065.2132576296915,1.43602,1.08726,7.148148148148148,2601.0,2,3,996.7878970240495,1.08726,1.43602,10.45,150.04166666666666,1.95,3.4,4.0,H,Burnley,Newcastle United
1,1,1179.8028519674506,2.02119,1.20777,4.533333333333333,163.04166666666666,0,1,1265.992567573856,1.20777,2.02119,17.210526315789473,2619.0416666666665,1.25,6.0,12.0,A,Chelsea,Bournemouth
0,1,1318.5166960874471,1.06421,1.16408,7.033333333333333,290.0,0,1,1361.7019449928318,1.16408,1.06421,11.5,8.0,1.22,6.5,13.0,D,Leicester City,Norwich City
2,1,1156.6634755217617,1.888,0.97258,8.0,1311.0416666666667,0,1,1096.0372491182216,0.97258,1.888,10.85,437.0416666666667,1.85,3.75,4.2,H,Sheffield United,Aston Villa
0,0,987.9915466031259,0.805884,0.90324,7.722222222222222,373.0,0,1,1017.5178903778185,0.90324,0.805884,11.95,571.0416666666666,1.9,3.8,3.8,A,Southampton,West Ham United
0,2,1260.1179237368192,1.48327,0.276759,8.909090909090908,361.0,0,1,1233.552236496015,0.276759,1.48327,11.25,563.0416666666666,1.8,3.7,4.5,D,Manchester United,Everton
0,1,1235.2188381622536,0.718669,0.989205,6.67741935483871,928.0416666666666,0,3,1298.1317961709738,0.989205,0.718669,8.692307692307692,25.0,3.25,3.4,2.25,A,Wolverhampton Wanderers,Tottenham Hotspur
0,1,1192.533642849663,0.28161,1.69553,18.130434782608695,571.0416666666666,1,0,1289.8393781649486,1.69553,0.28161,8.513513513513514,1262.0416666666667,6.0,5.25,1.44,A,Arsenal,Manchester City
0,1,1034.7887063071162,0.484859,2.48355,19.3125,825.0416666666666,0,1,1011.4911645883352,2.48355,0.484859,5.25,210.04166666666666,2.55,3.25,2.87,D,Crystal Palace,Brighton & Hove Albion
0,1,1165.1744519630843,0.486523,0.881818,12.423076923076923,569.0416666666666,0,1,1184.4296688993807,0.881818,0.486523,8.043478260869565,577.0416666666666,2.3,3.8,2.87,D,Everton,Arsenal
0,1,999.2863621634615,0.921054,2.63444,10.4375,444.0416666666667,0,0,1062.8329800292463,2.63444,0.921054,12.0,380.0,2.4,3.6,2.8,A,Aston Villa,Southampton
0,1,961.3604779076562,0.138532,0.144318,5.555555555555555,2626.0416666666665,2,1,984.2871526313539,0.144318,0.138532,8.392857142857142,2608.0,2.4,3.4,2.9,A,Bournemouth,Burnley
0,1,1005.1910264992962,0.428371,1.65933,8.533333333333333,215.04166666666666,2,1,1078.1491260296116,1.65933,0.428371,20.22222222222222,1318.0416666666667,2.2,3.25,3.5,A,Brighton & Hove Albion,Sheffield United
2,3,1135.502209083478,0.714368,0.985368,12.5,157.04166666666666,0,1,1110.7237493539196,0.985368,0.714368,8.652173913043478,830.0416666666666,2.37,3.1,3.25,H,Newcastle United,Crystal Palace
0,1,880.4708808997616,1.26536,1.65224,14.588235294117647,15.0,0,1,916.302137174587,1.65224,1.26536,9.461538461538462,934.0416666666666,3.75,3.8,1.9,A,Norwich City,Wolverhampton Wanderers
1,0,1331.2601245885658,3.59139,1.01388,8.625,1268.0416666666667,0,1,1310.8839564857535,1.01388,3.59139,32.916666666666664,297.0,1.36,5.25,7.5,H,Manchester City,Leicester City
2,1,1054.7509902464672,1.59291,1.5309,8.875,904.0416666666666,0,2,944.9966487911312,1.5309,1.59291,5.416666666666667,368.0,4.33,4.0,1.75,H,Watford,Manchester United
0,3,1225.023217352136,0.276667,1.49374,12.782608695652174,32.0,1,1,1321.8381951315582,1.49374,0.276667,10.4,171.04166666666666,2.37,3.75,2.75,A,Tottenham Hotspur,Chelsea
0,3,1232.086389956506,1.02645,1.09007,10.125,36.0,0,1,1213.707049952084,1.09007,1.02645,9.692307692307692,220.04166666666666,1.53,4.33,6.0,H,Tottenham Hotspur,Brighton & Hove Albion
0,1,1040.2437604190454,0.654194,1.45005,11.521739130434783,449.0416666666667,0,1,954.8084740394908,1.45005,0.654194,9.222222222222221,20.0,2.1,3.75,3.3,H,Aston Villa,Norwich City
0,1,969.8633316697455,1.55463,1.42464,23.8,2631.0416666666665,0,1,947.2032232534392,1.42464,1.55463,7.653846153846154,3.0,3.5,3.9,1.95,D,Bournemouth,Arsenal
1,1,1140.9466985668757,0.859973,0.981321,5.111111111111111,175.04166666666666,0,0,1229.4715274387504,0.981321,0.859973,12.535714285714286,385.0,1.33,5.25,9.0,A,Chelsea,Southampton
0,1,1051.6568869943223,2.14195,0.796338,9.941176470588236,835.0416666666666,0,1,1011.0304188112814,0.796338,2.14195,9.909090909090908,583.0416666666666,2.3,3.4,3.1,H,Crystal Palace,West Ham United
0,1,1173.4559747204146,1.47521,0.565252,5.526315789473684,3.0,2,1,1152.1292105344323,0.565252,1.47521,13.083333333333334,2613.0,1.7,3.75,5.0,H,Everton,Burnley
2,1,1172.779478329448,2.04481,0.596611,13.2,1323.0416666666667,2,1,1137.080564261774,0.596611,2.04481,20.428571428571427,908.0416666666666,1.83,3.6,4.33,D,Sheffield United,Watford
0,2,1269.736461020735,1.99638,1.05018,5.518518518518518,372.0,2,3,1251.1142478797278,1.05018,1.99638,40.45454545454545,162.04166666666666,1.33,5.25,9.0,H,Manchester United,Newcastle United
0,1,1273.6880751081983,0.120994,3.76973,20.470588235294116,302.0,0,0,1396.3084684353832,3.76973,0.120994,11.434782608695652,1540.0416666666667,3.4,3.75,2.05,A,Leicester City,Liverpool
0,1,1256.9719660666108,2.39405,1.52044,13.058823529411764,940.0416666666666,1,0,1206.3206364741643,1.52044,2.39405,18.8,1274.0416666666667,8.5,5.0,1.36,H,Wolverhampton Wanderers,Manchester City
0,1,1058.905392111756,1.05876,0.500726,9.375,222.04166666666666,0,1,964.3026542582643,0.500726,1.05876,17.125,2633.0416666666665,1.75,3.9,4.33,H,Brighton & Hove Albion,Bournemouth
2,3,1110.3618987501125,1.63211,2.82576,14.705882352941176,164.04166666666666,0,1,1153.6284624855564,2.82576,1.63211,8.5,5.0,3.6,3.4,2.05,A,Newcastle United,Everton
0,0,989.6249299623863,1.47937,0.137837,5.411764705882353,387.0,0,1,979.5101431830424,0.137837,1.47937,19.357142857142858,837.0416666666666,1.95,3.6,3.8,D,Southampton,Crystal Palace
2,1,1091.1771878424315,3.25314,0.610997,8.76,910.0416666666666,0,1,1026.7941099695572,0.610997,3.25314,16.0,451.0416666666667,1.95,3.8,3.6,H,Watford,Aston Villa
0,1,898.5506432262653,0.268052,1.82189,8.466666666666667,22.0,0,3,859.6133421407212,1.82189,0.268052,9.8,38.0,5.0,4.0,1.66,D,Norwich City,Tottenham Hotspur
0,1,978.8694534839716,0.782104,2.62349,8.941176470588236,585.0416666666666,0,1,996.6139715792258,2.62349,0.782104,7.590909090909091,304.0,4.0,3.9,1.83,A,West Ham United,Leicester City
2,1,1026.196087283297,0.386662,2.10542,13.5,2615.0,0,2,1115.1945082510174,2.10542,0.386662,8.333333333333334,374.0,4.33,3.75,1.8,A,Burnley,Manchester United
0,1,1169.6372887184968,0.785214,1.49666,14.043478260869565,6.0,1,1,1208.6364691464994,1.49666,0.785214,6.894736842105263,178.04166666666666,2.87,3.75,2.3,A,Arsenal,Chelsea
0,0,1546.6713101193002,1.49124,0.363764,6.266666666666667,1543.0416666666667,0,1,1544.6341047473347,0.363764,1.49124,21.333333333333332,942.0416666666666,1.25,5.75,12.0,H,Liverpool,Wolverhampton Wanderers
1,0,1339.9462643551574,1.08628,1.23346,10.923076923076923,1276.0416666666667,2,1,1321.8139788859664,1.23346,1.08628,34.57142857142857,1326.0416666666667,1.16,7.5,16.0,H,Manchester City,Sheffield United
0,1,1062.4595906174297,1.56978,1.57497,12.148148148148149,226.04166666666666,1,1,1048.7522958041072,1.57497,1.56978,8.53125,181.04166666666666,3.6,3.6,1.95,D,Brighton & Hove Albion,Chelsea
2,1,994.2325107960127,2.34418,1.74824,7.944444444444445,2619.0,0,1,1051.15305613446,1.74824,2.34418,26.5,455.0416666666667,1.75,3.8,4.33,A,Burnley,Aston Villa
2,3,1071.6671901807101,0.780118,2.43642,39.92307692307692,168.04166666666666,0,1,1167.9446073476195,2.43642,0.780118,3.588235294117647,308.0,5.0,3.8,1.66,A,Newcastle United,Leicester City
0,0,1000.1321673669961,1.51192,1.078,6.375,391.0,0,3,973.5665031082074,1.078,1.51192,6.434782608695652,42.0,3.3,3.5,2.1,H,Southampton,Tottenham Hotspur
2,1,1135.3966156860242,1.07053,1.23252,20.11764705882353,914.0416666666666,0,1,1044.6010860526253,1.23252,1.07053,8.45,945.0416666666666,3.0,3.4,2.3,H,Watford,Wolverhampton Wanderers
1,0,1348.014033513035,1.79757,0.848942,10.28,1279.0416666666667,0,1,1327.20016614046,0.848942,1.79757,22.52173913043478,9.0,1.25,6.5,10.0,H,Manchester City,Everton
0,1,897.1819390799911,1.66454,1.29896,11.272727272727273,26.0,0,1,892.8283366340652,1.29896,1.66454,8.0,841.0416666666666,2.5,3.4,2.75,D,Norwich City,Crystal Palace
0,1,1010.824333041802,2.32825,0.720709,22.526315789473685,2.0,0,1,954.9170052069154,0.720709,2.32825,15.933333333333334,2637.0416666666665,1.9,3.75,3.8,H,West Ham United,Bournemouth
0,1,1191.4853233891922,1.90747,0.715563,13.565217391304348,9.0,0,2,1148.5230095757947,0.715563,1.90747,11.241379310344827,378.0,2.55,3.6,2.62,H,Arsenal,Manchester United
0,0,1556.6866865996192,3.0465,0.634607,14.583333333333334,1547.0416666666667,2,1,1535.9157155023015,0.634607,3.0465,32.68421052631579,1330.0416666666667,1.2,6.5,13.0,H,Liverpool,Sheffield United
2,1,1181.8505350609348,2.02768,0.90477,9.928571428571429,1338.0416666666667,0,1,1158.6444229164913,0.90477,2.02768,10.947368421052632,11.0,1.95,3.4,4.0,H,Sheffield United,West Ham United
0,1,1038.4371198984188,0.317862,1.43924,8.818181818181818,851.0416666666666,0,1,1058.954383189777,1.43924,0.317862,5.6875,19.0,4.1,3.9,1.8,D,Crystal Palace,Arsenal
1,1,1173.7499923865835,2.87633,0.717407,9.588235294117647,191.04166666666666,2,1,1115.1423298866155,0.717407,2.87633,28.818181818181817,2629.0,1.28,5.5,11.0,H,Chelsea,Burnley
0,1,1194.198581005628,2.02533,1.53324,8.689655172413794,19.0,0,1,1145.5725655610895,1.53324,2.02533,17.4375,236.04166666666666,1.85,3.8,4.0,H,Everton,Brighton & Hove Albion
0,1,1238.868455471363,0.780114,2.40601,12.0,318.0,0,0,1301.852644907228,2.40601,0.780114,7.7272727272727275,401.0,1.6,4.0,5.5,A,Leicester City,Southampton
0,2,1277.6163825441397,3.13456,0.275987,5.0,388.0,0,1,1262.7218874860466,0.275987,3.13456,15.894736842105264,36.0,1.33,5.25,8.5,H,Manchester United,Norwich City
0,1,1249.582157728674,2.04805,0.184495,4.733333333333333,955.0416666666666,2,3,1257.3934228391163,0.184495,2.04805,16.695652173913043,178.04166666666666,1.44,4.5,7.5,D,Wolverhampton Wanderers,Newcastle United
0,3,1211.6556176069264,1.10584,1.74564,29.9375,52.0,0,0,1246.0775548700615,1.74564,1.10584,12.3,1556.0416666666667,4.5,4.33,1.66,A,Tottenham Hotspur,Liverpool
0,1,949.6405458228198,0.320447,2.29827,13.066666666666666,2648.0416666666665,2,1,994.0450049052911,2.29827,0.320447,11.44,925.0416666666666,2.6,3.3,2.7,A,Bournemouth,Watford
0,1,1019.9418662254699,1.12565,3.75131,34.3125,466.0416666666667,1,0,1068.011430169584,3.75131,1.12565,7.633333333333334,1290.0416666666667,13.0,8.5,1.16,A,Aston Villa,Manchester City
2,1,1119.4642084088916,2.39174,1.76697,9.166666666666666,931.0416666666666,0,3,1146.266290464843,1.76697,2.39174,7.294117647058823,59.0,3.25,3.5,2.2,D,Watford,Tottenham Hotspur
0,1,1206.6503702001055,1.22882,1.18444,9.444444444444445,26.0,2,1,1172.5368851043033,1.18444,1.22882,8.972222222222221,1346.0416666666667,1.83,3.6,4.33,D,Arsenal,Sheffield United
0,1,1054.713645975326,1.30028,1.02045,7.241379310344827,243.04166666666666,0,1,1063.272874093877,1.02045,1.30028,10.777777777777779,472.0416666666667,1.66,4.0,5.0,D,Brighton & Hove Albion,Aston Villa
1,0,1324.9800378534048,2.47314,0.586716,4.923076923076923,1296.0416666666667,0,1,1369.6217395031651,0.586716,2.47314,29.5,858.0416666666666,1.1,11.0,19.0,D,Manchester City,Crystal Palace
0,1,919.1556459111308,1.76046,0.558298,9.764705882352942,43.0,0,1,868.0653891440468,0.558298,1.76046,13.75,2654.0416666666665,2.2,3.5,3.25,H,Norwich City,Bournemouth
0,0,971.1700662168495,0.786974,2.1772,5.194444444444445,408.0,0,1,1021.9497306337908,2.1772,0.786974,15.307692307692308,962.0416666666666,2.4,3.4,3.0,A,Southampton,Wolverhampton Wanderers
0,1,1024.6508444910064,1.68436,1.95473,9.8,19.0,0,1,992.7887961561321,1.95473,1.68436,8.25925925925926,26.0,2.9,3.5,2.37,D,West Ham United,Everton
2,3,1088.1741561202552,0.892988,2.05436,23.272727272727273,185.04166666666666,1,1,1048.3136626930682,2.05436,0.892988,4.233333333333333,198.04166666666666,6.0,4.5,1.5,H,Newcastle United,Chelsea
2,1,1024.4583482131538,1.50886,2.33415,9.72,2637.0,0,1,957.6799042124042,2.33415,1.50886,9.826086956521738,326.0,4.33,3.75,1.83,H,Burnley,Leicester City
0,0,1560.5057302821892,2.00655,1.4185,11.0,1564.0416666666667,0,2,1552.331724502919,1.4185,2.00655,15.0,396.0,1.36,5.25,8.0,H,Liverpool,Manchester United
0,1,1036.2595824751468,1.06739,1.81101,6.173913043478261,475.0416666666667,2,1,996.8018519020507,1.81101,1.06739,9.272727272727273,934.0416666666666,2.8,3.5,2.45,H,Aston Villa,Watford
0,1,997.2394910950032,1.92315,1.97227,11.129032258064516,2657.0416666666665,0,1,911.8682161724263,1.97227,1.92315,6.428571428571429,246.04166666666666,2.87,3.4,2.45,H,Bournemouth,Brighton & Hove Albion
0,1,1024.3991248712555,0.674589,1.1306,7.833333333333333,861.0416666666666,0,0,1051.93718450856,1.1306,0.674589,4.5,411.0,2.7,3.25,2.7,A,Crystal Palace,Southampton
0,1,1191.5600992598536,2.05254,0.570931,11.72,29.0,2,3,1189.7008382765587,0.570931,2.05254,15.08695652173913,188.04166666666666,1.55,4.1,6.0,D,Everton,Newcastle United
2,1,1143.1512350894443,0.774943,2.873,23.0,1349.0416666666667,1,0,1214.7608443856468,2.873,0.774943,8.833333333333334,1299.0416666666667,7.0,5.0,1.4,A,Sheffield United,Manchester City
1,1,1160.0026056785127,3.38612,0.568077,8.321428571428571,201.04166666666666,0,1,1181.7221830278195,0.568077,3.38612,21.666666666666668,29.0,1.72,3.9,4.5,D,Chelsea,Arsenal
0,1,1261.7621087969992,2.91302,1.16254,5.954545454545454,329.0,0,1,1219.5405893211878,1.16254,2.91302,15.8,23.0,1.53,4.33,6.0,H,Leicester City,West Ham United
0,3,1233.1576514499893,2.22282,1.42472,9.03225806451613,63.0,0,1,1183.0073379558075,1.42472,2.22282,14.235294117647058,47.0,1.4,5.0,7.5,H,Tottenham Hotspur,Norwich City
0,2,1236.6564914358248,1.416,0.717284,10.9,399.0,2,1,1331.4772132901323,0.717284,1.416,13.884615384615385,2640.0,1.36,4.75,9.0,A,Manchester United,Burnley
0,1,1217.3471829288515,1.85442,1.59024,22.375,967.0416666666666,0,0,1274.834325622991,1.59024,1.85442,11.88888888888889,1568.0416666666667,5.75,3.8,1.61,A,Wolverhampton Wanderers,Liverpool
0,1,1009.8311103112925,0.878341,2.59926,38.357142857142854,30.0,0,0,1039.014749430823,2.59926,0.878341,7.481481481481482,1574.0416666666667,8.5,5.5,1.33,A,West Ham United,Liverpool
0,1,1243.8282010548962,1.65956,0.806995,7.848484848484849,339.0,1,1,1275.441727221393,0.806995,1.65956,14.631578947368421,212.04166666666666,2.5,3.6,2.7,D,Leicester City,Chelsea
0,1,1019.803153566405,2.72236,1.40955,10.0,2668.0416666666665,0,1,967.5444044139264,1.40955,2.72236,7.642857142857143,486.0416666666667,2.1,3.6,3.3,H,Bournemouth,Aston Villa
0,1,1002.8409197618456,0.970063,0.860755,11.0,872.0416666666666,2,1,1039.341945182922,0.634607,3.0465,32.68421052631579,1360.0416666666667,3.1,3.1,2.5,A,Crystal Palace,Sheffield United
0,0,1563.2452231244824,3.0465,0.634607,14.583333333333334,1577.0416666666667,0,0,1557.9653269226887,0.716298,3.7195,12.73913043478261,422.0,1.25,6.0,12.0,H,Liverpool,Southampton
2,3,1087.8024010724619,0.937293,2.39985,11.318181818181818,199.04166666666666,0,1,1081.514921539219,2.39985,0.937293,7.6923076923076925,57.0,2.2,3.4,3.3,D,Newcastle United,Norwich City
2,1,1080.1317155421527,0.919248,2.70178,9.24,945.0416666666666,0,1,1153.1957182166877,2.70178,0.919248,8.285714285714286,40.0,2.75,3.3,2.62,A,Watford,Everton
0,1,996.9511127459427,1.30774,2.03179,17.333333333333332,33.0,0,1,1016.6990607430756,2.03179,1.30774,6.333333333333333,257.0416666666667,2.6,3.3,2.75,D,West Ham United,Brighton & Hove Albion
0,2,1218.678748197311,1.18608,1.54211,7.241379310344827,409.0,0,1,1250.3994175554346,1.54211,1.18608,9.344827586206897,976.0416666666666,2.25,3.25,3.4,D,Manchester United,Wolverhampton Wanderers
2,1,1028.5419023438092,2.24562,1.48025,11.166666666666666,2651.0,0,1,1013.8566465850339,1.48025,2.24562,6.636363636363637,41.0,3.6,3.6,2.0,D,Burnley,Arsenal
0,3,1258.35136335023,0.420293,3.25139,21.41176470588235,74.0,1,0,1209.480172361704,3.25139,0.420293,7.32,1311.0416666666667,5.5,4.6,1.53,H,Tottenham Hotspur,Manchester City
0,1,1237.3466093586655,2.79103,0.865323,8.129032258064516,47.0,0,1,1154.762779075267,0.865323,2.79103,7.863636363636363,879.0416666666666,1.61,3.8,6.0,H,Everton,Crystal Palace
0,1,1044.0737348364275,0.76201,0.280048,7.15,264.0416666666667,2,1,1058.8425666796072,0.280048,0.76201,15.363636363636363,952.0416666666666,2.1,3.4,3.6,D,Brighton & Hove Albion,Watford
2,1,1148.325117042073,2.04467,1.07183,9.368421052631579,1368.0416666666667,0,1,1134.6363680387706,1.07183,2.04467,10.15,2676.0416666666665,1.66,3.6,5.75,H,Sheffield United,Bournemouth
0,1,1197.9474891893967,1.14491,0.527366,15.38888888888889,989.0416666666666,0,1,1233.1868028291067,0.527366,1.14491,6.5,352.0,2.5,3.3,2.87,D,Wolverhampton Wanderers,Leicester City
0,0,962.0372134765719,0.694025,0.892699,7.444444444444445,436.0,2,1,976.7520810596208,0.892699,0.694025,9.92,2664.0,1.75,3.8,4.75,A,Southampton,Burnley
0,1,895.5830690750623,0.383495,2.07331,45.42857142857143,71.0,0,0,935.8576948498929,2.07331,0.383495,8.148148148148149,1591.0416666666667,11.0,6.25,1.25,A,Norwich City,Liverpool
0,1,1011.9794239621967,1.71313,3.86024,9.476190476190476,501.0416666666667,0,3,1053.5982867626242,3.86024,1.71313,8.724137931034482,88.0,4.0,3.8,1.85,A,Aston Villa,Tottenham Hotspur
0,1,1238.3169811602581,3.02257,1.16662,5.655172413793103,55.0,2,3,1182.869020440803,1.16662,3.02257,19.555555555555557,214.04166666666666,1.4,4.75,8.0,H,Arsenal,Newcastle United
1,1,1152.1662316737659,0.940204,0.681814,8.958333333333334,228.04166666666666,0,2,1167.0994778473603,0.681814,0.940204,13.035714285714286,425.0,1.85,3.5,4.5,A,Chelsea,Manchester United
1,0,1342.573854214189,2.13777,0.0895892,10.23076923076923,1328.0416666666667,0,1,1307.3423692190431,0.0895892,2.13777,25.823529411764707,51.0,1.12,9.5,17.0,H,Manchester City,West Ham United
1,1,1164.254281946702,1.78193,0.265879,7.531914893617022,233.04166666666666,0,3,1134.0744139905457,0.265879,1.78193,11.0,94.0,1.72,4.0,4.5,H,Chelsea,Tottenham Hotspur
2,1,1073.0592547431822,3.09935,1.75718,10.952380952380953,2671.0,0,1,996.1365502475196,1.75718,3.09935,11.363636363636363,2689.0416666666665,2.1,3.3,3.7,H,Burnley,Bournemouth
0,1,1033.4996792145362,1.75552,0.164495,6.878048780487805,893.0416666666666,2,3,965.9339047466351,0.164495,1.75552,9.65,220.04166666666666,1.95,3.4,4.2,H,Crystal Palace,Newcastle United
2,1,1133.755432569806,1.6597,1.06035,7.333333333333333,1381.0416666666667,0,1,1157.3678308778951,1.06035,1.6597,15.666666666666666,278.0416666666667,1.95,3.4,4.2,D,Sheffield United,Brighton & Hove Albion
0,0,989.5825015517175,3.02926,0.47235,7.483870967741935,443.0,0,1,936.6409724192381,0.47235,3.02926,5.92,507.0416666666667,1.61,4.33,5.0,H,Southampton,Aston Villa
0,1,1209.6157352595567,0.723269,2.42749,23.125,360.0,1,0,1271.291719793896,2.42749,0.723269,6.066666666666666,1331.0416666666667,4.5,4.2,1.7,A,Leicester City,Manchester City
0,2,1234.6966864904139,2.5042,0.294956,9.181818181818182,431.0,2,1,1204.4317807843372,0.294956,2.5042,9.18421052631579,967.0416666666666,1.6,3.9,6.0,H,Manchester United,Watford
0,1,1217.4961356648712,3.25033,0.360646,10.571428571428571,998.0416666666666,0,1,1181.0253310965547,0.360646,3.25033,9.73913043478261,79.0,1.5,4.2,7.0,H,Wolverhampton Wanderers,Norwich City
0,1,1251.1286023432972,1.33567,2.65691,13.6,62.0,0,1,1219.3222718921413,2.65691,1.33567,10.777777777777779,62.0,2.0,3.6,3.7,H,Arsenal,Everton
0,0,1568.9542034232175,2.48209,0.638236,3.361111111111111,1600.0416666666667,0,1,1553.9215927098028,0.638236,2.48209,33.7,56.0,1.16,8.0,15.0,H,Liverpool,West Ham United
0,1,935.433945458242,0.591716,1.42581,8.178571428571429,84.0,0,1,851.8467912343548,1.42581,0.591716,7.521739130434782,366.0,4.33,4.1,1.72,H,Norwich City,Leicester City
0,1,1019.8426308203686,1.78712,2.17159,6.173913043478261,285.0416666666667,0,1,1061.3679788301383,2.17159,1.78712,17.055555555555557,900.0416666666666,2.05,3.25,3.9,A,Brighton & Hove Albion,Crystal Palace
0,1,1030.308749309318,1.58495,1.98271,17.23076923076923,2696.0416666666665,1,1,1004.1383287368777,1.98271,1.58495,5.461538461538462,240.04166666666666,4.75,3.8,1.72,D,Bournemouth,Chelsea
2,3,1074.2441319853638,1.11713,0.617612,6.636363636363637,227.04166666666666,2,1,1095.531675652347,0.617612,1.11713,8.857142857142858,2678.0,2.62,3.1,2.9,D,Newcastle United,Burnley
0,1,1067.0195252513738,2.78682,0.868573,14.578947368421053,61.0,0,0,948.8547183925363,0.868573,2.78682,4.545454545454546,450.0,2.65,3.6,2.5,H,West Ham United,Southampton
2,1,1097.3553322156645,2.71351,0.206031,33.18181818181818,973.0416666666666,0,0,1064.9548324411373,0.206031,2.71351,11.545454545454545,1605.0416666666667,8.0,4.75,1.4,H,Watford,Liverpool
0,1,1225.99098754224,2.41259,1.12561,8.375,69.0,0,2,1242.3335265717967,1.12561,2.41259,9.117647058823529,438.0,2.5,3.25,2.9,D,Everton,Manchester United
0,3,1225.824276148642,1.63079,2.62251,7.0,102.0,0,1,1283.9234519547506,2.62251,1.63079,12.709677419354838,1005.0416666666666,2.45,3.2,3.0,A,Tottenham Hotspur,Wolverhampton Wanderers
0,0,1569.9727652586632,1.89453,1.29544,4.75,1612.0416666666667,0,1,1567.1711847776278,1.29544,1.89453,20.294117647058822,2703.0416666666665,1.22,6.5,13.0,H,Liverpool,Bournemouth
0,1,1289.2620700765412,1.55974,1.61615,11.8,75.0,0,1,1208.575111341017,1.61615,1.55974,23.133333333333333,68.0,1.57,4.4,5.5,H,Arsenal,West Ham United
0,1,1063.533904120713,0.856107,0.449161,10.318181818181818,907.0416666666666,2,1,997.1049739110186,0.449161,0.856107,5.838709677419355,980.0416666666666,2.55,3.2,2.9,H,Crystal Palace,Watford
2,1,1154.9900629305132,1.17263,2.55449,9.941176470588236,1395.0416666666667,0,1,1105.3749226933905,2.55449,1.17263,8.0625,92.0,1.65,3.75,5.75,H,Sheffield United,Norwich City
0,0,956.0427999097784,0.348871,3.06384,12.523809523809524,457.0,2,3,1016.2815318208708,3.06384,0.348871,5.0,234.04166666666666,1.61,4.1,5.25,A,Southampton,Newcastle United
0,1,1206.7259780996724,0.898221,0.308874,20.0,1011.0416666666666,0,1,1221.7800313511889,0.308874,0.898221,9.535714285714286,292.0416666666667,1.61,3.9,5.75,D,Wolverhampton Wanderers,Brighton & Hove Albion
2,1,1070.2657838584175,3.33302,1.13669,7.580645161290323,2685.0,0,3,1068.713445731994,1.13669,3.33302,12.529411764705882,108.0,2.7,3.3,2.62,D,Burnley,Tottenham Hotspur
1,1,1205.1007570425236,2.02883,0.445922,12.714285714285714,248.04166666666666,0,1,1135.3246727858607,0.445922,2.02883,19.08695652173913,76.0,1.8,3.9,4.2,H,Chelsea,Everton
0,2,1265.428129318494,1.7389,0.585469,14.709677419354838,445.0,1,0,1207.0731569851541,0.585469,1.7389,6.041666666666667,1346.0416666666667,5.0,4.33,1.6,H,Manchester United,Manchester City
0,1,1219.4229658382778,2.41239,0.672448,5.379310344827586,376.0,0,1,1201.0146697335495,0.672448,2.41239,13.217391304347826,523.0416666666666,1.36,5.25,8.0,H,Leicester City,Aston Villa
0,1,1006.8275803990491,1.00877,0.235909,16.214285714285715,623.0,2,1,1010.0145928713787,0.235909,1.00877,7.925925925925926,1497.0,3.2,3.4,2.25,D,Aston Villa,Sheffield United
1,0,1349.4110830997795,2.73725,0.496759,9.48,1447.0,0,1,1336.0244379196702,0.496759,2.73725,26.533333333333335,176.95833333333334,1.36,5.25,7.5,H,Manchester City,Arsenal
0,1,904.3298993183703,0.654932,1.87099,7.933333333333334,195.95833333333334,0,0,977.4948065917316,1.87099,0.654932,5.611111111111111,560.9583333333334,2.8,3.5,2.45,A,Norwich City,Southampton
0,3,1219.9296644060983,0.534852,1.77307,16.05263157894737,211.95833333333334,0,2,1224.6372333650297,1.77307,0.534852,5.545454545454546,547.9583333333334,3.0,3.4,2.37,D,Tottenham Hotspur,Manchester United
2,1,1078.3739592328307,1.00765,1.05245,13.380952380952381,1085.0,0,1,1112.5693193536158,1.05245,1.00765,3.8,478.9583333333333,3.6,3.5,2.05,D,Watford,Leicester City
0,1,1058.6594484062512,0.670973,0.69627,17.166666666666668,397.0,0,1,976.8137917851772,0.69627,0.670973,9.5625,179.95833333333334,3.1,3.25,2.37,H,Brighton & Hove Albion,Arsenal
0,1,1050.1277298214613,0.44207,1.06433,17.235294117647058,172.95833333333334,0,1,1083.7402268997473,1.06433,0.44207,16.083333333333332,1116.0,3.6,3.4,2.1,A,West Ham United,Wolverhampton Wanderers
0,1,1000.4121592929794,0.363637,0.788453,9.0,2808.0,0,1,1064.465314189937,0.788453,0.363637,9.791666666666666,1012.0,2.45,3.2,3.0,A,Bournemouth,Crystal Palace
2,3,1098.7279133007814,2.15148,0.57107,27.7,340.0,2,1,1053.8138785368392,0.57107,2.15148,15.61111111111111,1501.0,3.3,3.1,2.37,H,Newcastle United,Sheffield United
0,1,974.6463976155359,1.57223,1.14011,22.4,627.0,1,1,1032.021083746814,1.14011,1.57223,6.125,353.0,6.0,4.5,1.5,A,Aston Villa,Chelsea
0,1,1210.0925564345957,0.621456,0.659123,18.470588235294116,180.95833333333334,0,0,1236.8142862990692,0.659123,0.621456,3.9705882352941178,1718.0,6.0,4.2,1.55,D,Everton,Liverpool
1,0,1360.9473840372764,2.71096,0.0303408,12.5,1452.0,2,1,1339.9987802501466,0.0303408,2.71096,45.81818181818182,2791.9583333333335,1.12,9.0,15.0,H,Manchester City,Burnley
0,1,1212.5763061929265,0.505486,1.10227,7.5,481.9583333333333,0,1,1219.2533639429623,1.10227,0.505486,14.91304347826087,400.0,1.6,4.0,5.75,D,Leicester City,Brighton & Hove Albion
0,3,1245.8060623695912,2.24125,0.83104,11.642857142857142,215.95833333333334,0,1,1195.7463994251225,0.83104,2.24125,17.045454545454547,175.95833333333334,1.66,4.0,5.0,H,Tottenham Hotspur,West Ham United
0,2,1277.906327121642,2.8416,0.108082,12.642857142857142,552.9583333333334,2,1,1254.0150163367375,0.108082,2.8416,24.941176470588236,1504.0,1.4,4.5,8.5,H,Manchester United,Sheffield United
2,3,1098.8924562770662,0.661808,1.22985,9.470588235294118,343.0,0,1,1091.5733115380226,1.22985,0.661808,9.91304347826087,630.0,2.3,3.3,3.2,D,Newcastle United,Aston Villa
0,1,888.3331058023655,0.382813,0.654912,14.090909090909092,200.95833333333334,0,1,914.7902430495668,0.654912,0.382813,10.5,183.95833333333334,3.9,3.6,1.9,A,Norwich City,Everton
0,1,1247.5990562997517,0.715002,0.0619009,12.0625,1120.0,0,1,1162.304053197417,0.0619009,0.715002,14.666666666666666,2812.0,1.55,4.0,6.0,H,Wolverhampton Wanderers,Bournemouth
0,0,1572.7595110951497,2.56729,0.0645285,5.171428571428572,1721.0,0,1,1567.3895337725596,0.0645285,2.56729,79.16666666666667,1016.0,1.22,6.5,13.0,H,Liverpool,Crystal Palace
2,1,1083.744397626248,0.964774,0.495542,6.722222222222222,2794.9583333333335,2,1,1050.4536737658075,0.495542,0.964774,10.3,1090.0,3.0,3.25,2.45,H,Burnley,Watford
0,0,925.4386221583012,0.738305,2.18595,7.866666666666666,566.9583333333334,0,1,991.3035774920905,2.18595,0.738305,9.083333333333334,184.95833333333334,2.6,3.5,2.62,A,Southampton,Arsenal
1,1,1223.2285022515446,4.206,0.690594,30.076923076923077,357.0,1,0,1179.95883298265,0.690594,4.206,22.727272727272727,1455.0,4.0,4.0,1.8,H,Chelsea,Manchester City
0,1,950.3006018441322,0.403418,0.703549,8.73913043478261,633.0,0,1,992.0446677952352,0.703549,0.403418,16.785714285714285,1123.0,4.6,3.7,1.75,A,Aston Villa,Wolverhampton Wanderers
2,1,1040.340485769055,0.365347,1.3364,9.0,1093.0,0,0,1126.466215968766,1.3364,0.365347,9.238095238095237,569.9583333333334,2.5,3.3,2.87,A,Watford,Southampton
0,1,1050.241719866292,1.06533,0.359906,8.545454545454545,1021.0,2,1,1071.9928350488367,0.359906,1.06533,13.055555555555555,2798.9583333333335,2.25,3.2,3.4,A,Crystal Palace,Burnley
0,1,1038.3506754725465,0.31013,1.20903,18.789473684210527,407.0,0,2,1082.9661715226114,1.20903,0.31013,15.214285714285714,558.9583333333334,6.0,3.8,1.61,A,Brighton & Hove Albion,Manchester United
0,1,1304.5674848261187,1.76496,0.153871,11.5,190.95833333333334,0,1,1276.3826373277916,0.153871,1.76496,21.666666666666668,207.95833333333334,1.44,4.75,7.0,H,Arsenal,Norwich City
0,1,969.4740832825523,1.27503,2.23457,10.391304347826088,2819.0,2,3,1042.1652348064924,2.23457,1.27503,17.88235294117647,350.0,2.4,3.1,3.2,A,Bournemouth,Newcastle United
0,1,1222.235812747337,1.17592,1.80384,15.666666666666666,190.95833333333334,0,1,1191.9312484009276,1.80384,1.17592,5.84,489.9583333333333,2.5,3.3,2.9,H,Everton,Leicester City
0,1,1066.9421731016164,2.10497,1.57609,21.0,183.95833333333334,1,1,1026.4294294857687,1.57609,2.10497,6.473684210526316,363.0,5.5,4.33,1.57,H,West Ham United,Chelsea
2,1,1174.1125876861017,1.59994,1.01524,16.318181818181817,1512.0,0,3,1136.0736282785963,1.01524,1.59994,5.2272727272727275,224.95833333333334,4.2,3.4,1.95,H,Sheffield United,Tottenham Hotspur
1,0,1381.1801922606523,2.65433,0.819606,31.181818181818183,1462.0,0,0,1344.5178657845652,0.819606,2.65433,15.5,1729.0,2.05,3.9,3.3,H,Manchester City,Liverpool
0,1,877.8692134117712,0.545069,0.903046,15.9375,210.95833333333334,0,1,894.8106806736057,0.903046,0.545069,19.555555555555557,411.0,3.3,3.4,2.2,A,Norwich City,Brighton & Hove Albion
0,1,1283.6765306887908,2.20683,0.507537,8.40625,492.9583333333333,0,1,1168.3170836529941,0.507537,2.20683,15.68421052631579,1026.0,1.66,3.6,5.75,H,Leicester City,Crystal Palace
0,2,1297.527628993768,2.63259,1.52161,9.0,562.9583333333334,0,1,1260.9306208116677,1.52161,2.63259,22.933333333333334,2822.0,1.16,7.5,17.0,H,Manchester United,Bournemouth
0,1,1203.2966167844656,0.985166,1.28273,30.3,1130.0,0,1,1308.6393071914229,1.28273,0.985166,12.423076923076923,193.95833333333334,2.25,3.4,3.25,A,Wolverhampton Wanderers,Arsenal
1,1,1238.2947157525434,2.78877,0.608971,11.1875,366.0,2,1,1209.7280024606798,0.608971,2.78877,25.235294117647058,1099.0,1.4,4.75,8.0,H,Chelsea,Watford
2,1,1088.7329376090393,1.31966,1.63343,9.142857142857142,2804.9583333333335,2,1,1072.387434500592,1.63343,1.31966,13.8,1515.0,2.9,3.0,2.7,D,Burnley,Sheffield United
2,3,1098.6660854763022,1.49121,2.03065,17.0,354.0,0,1,1092.098343616466,2.03065,1.49121,12.96,187.95833333333334,2.6,3.3,2.75,D,Newcastle United,West Ham United
0,0,1575.3125343342529,1.0837,0.689775,3.7241379310344827,1732.0,0,1,1569.81096738086,0.689775,1.0837,20.823529411764707,641.0,1.33,5.5,8.5,H,Liverpool,Aston Villa
0,0,960.8778662186005,0.628765,3.39575,15.214285714285714,576.9583333333334,1,0,884.8227735331657,3.39575,0.628765,6.809523809523809,1465.0,8.5,6.0,1.3,H,Southampton,Manchester City
0,3,1249.6656583441375,0.511828,0.403762,10.583333333333334,228.95833333333334,0,1,1239.3315885158677,0.403762,0.511828,12.2,195.95833333333334,2.1,3.5,3.4,H,Tottenham Hotspur,Everton
0,1,1016.6916155667428,1.2882,2.65753,14.0,1029.0,1,1,1076.9524740561744,2.65753,1.2882,7.384615384615385,369.0,8.5,4.5,1.4,A,Crystal Palace,Chelsea
2,1,1074.6581105020146,0.725199,1.13378,11.23076923076923,1102.0,0,1,1000.562517375361,1.13378,0.725199,9.0,213.95833333333334,1.7,3.75,5.0,H,Watford,Norwich City
0,1,1290.928863413236,1.29023,1.00238,17.11111111111111,196.95833333333334,0,1,1312.3998211451058,1.00238,1.29023,8.0,495.9583333333333,2.3,3.5,3.0,D,Arsenal,Leicester City
1,0,1388.5776976877617,3.28662,0.21643,6.384615384615385,1468.0,2,3,1374.96084459729,0.21643,3.28662,33.333333333333336,357.0,1.12,9.0,21.0,H,Manchester City,Newcastle United
2,1,1182.347256383877,0.470483,0.326909,18.88888888888889,1518.0,0,1,1161.1327664363203,0.326909,0.470483,11.846153846153847,1134.0,3.8,3.2,2.1,H,Sheffield United,Wolverhampton Wanderers
0,1,1035.2751741307823,1.99821,1.05291,10.941176470588236,190.95833333333334,2,1,1091.5787743585802,1.05291,1.99821,24.125,2807.9583333333335,2.0,3.4,3.9,A,West Ham United,Burnley
0,1,1026.6590323825988,2.3646,2.61624,20.916666666666668,415.0,0,0,1049.3370510510645,2.61624,2.3646,8.653846153846153,1735.0,6.0,4.33,1.53,A,Brighton & Hove Albion,Liverpool
0,1,974.2084596780261,0.960349,0.479274,12.285714285714286,2827.0,0,3,958.3277650054582,0.479274,0.960349,6.473684210526316,231.95833333333334,5.25,3.8,1.66,D,Bournemouth,Tottenham Hotspur
0,1,1209.4721219147127,0.671442,2.29684,14.411764705882353,198.95833333333334,0,0,1228.9576019160977,2.29684,0.671442,6.928571428571429,580.9583333333334,2.05,3.5,3.6,D,Everton,Southampton
0,1,927.6441771800937,0.598873,2.86531,21.235294117647058,645.0,0,2,978.1122035339652,2.86531,0.598873,8.0,567.9583333333334,9.0,5.25,1.33,A,Aston Villa,Manchester United
0,1,860.8047686004484,0.613251,3.81088,14.11111111111111,217.95833333333334,0,1,899.0212282408787,3.81088,0.613251,20.875,193.95833333333334,3.75,3.75,1.95,A,Norwich City,West Ham United
2,1,1112.6613543145293,3.12855,1.49134,6.25,1106.0,2,3,1032.195925922213,1.49134,3.12855,12.083333333333334,360.0,1.8,3.6,4.5,H,Watford,Newcastle United
0,0,1551.990603582384,2.17649,0.452331,8.692307692307692,1738.0,2,1,1597.4044187139561,0.452331,2.17649,23.466666666666665,2810.9583333333335,1.22,6.5,12.0,D,Liverpool,Burnley
2,1,1202.877415353092,2.00632,1.17509,45.90909090909091,1521.0,1,1,1164.7066523841684,1.17509,2.00632,4.733333333333333,373.0,6.0,3.8,1.6,H,Sheffield United,Chelsea
0,1,986.6124974601876,0.149588,5.51767,27.055555555555557,418.0,1,0,1096.007792174967,5.51767,0.149588,9.6,1471.0,10.0,5.5,1.28,A,Brighton & Hove Albion,Manchester City
0,1,1239.081759805402,2.86724,0.286561,14.35,1138.0,0,1,1175.712949851368,0.286561,2.86724,18.63157894736842,201.95833333333334,2.05,3.3,3.8,H,Wolverhampton Wanderers,Everton
0,1,979.5488473289505,1.6977,0.974181,8.923076923076923,648.0,0,1,887.6511369499391,0.974181,1.6977,7.45,1034.0,2.25,3.3,3.3,H,Aston Villa,Crystal Palace
0,3,1271.7272199383817,1.81846,0.68991,17.03846153846154,234.95833333333334,0,1,1220.4624529000637,0.68991,1.81846,13.0625,201.95833333333334,2.62,3.4,2.7,H,Tottenham Hotspur,Arsenal
0,1,1043.9953294630066,2.54311,1.66084,18.470588235294116,2830.0,0,1,930.4536716120222,1.66084,2.54311,9.347826086956522,500.9583333333333,5.25,3.8,1.66,H,Bournemouth,Leicester City
0,2,1286.267996078174,1.5033,1.8051,13.578947368421053,571.9583333333334,0,0,1302.3985599276587,1.8051,1.5033,8.833333333333334,584.9583333333334,1.3,5.5,10.0,D,Manchester United,Southampton
1,1,1244.5543872760531,3.05119,0.0631109,7.966666666666667,376.0,0,1,1228.151572673792,0.0631109,3.05119,27.6875,220.95833333333334,1.12,9.5,17.0,H,Chelsea,Norwich City
2,1,1086.7511127725204,1.53435,1.2857,7.730769230769231,2814.9583333333335,0,1,1083.5974704528724,1.2857,1.53435,22.5,1141.0,4.5,3.3,1.9,D,Burnley,Wolverhampton Wanderers
1,0,1399.1983429518773,0.82755,1.66635,4.9,1475.0,0,1,1372.3705356626726,1.66635,0.82755,27.8125,2833.0,1.14,8.5,17.0,H,Manchester City,Bournemouth
2,3,1058.6884704458619,1.05748,1.7498,17.733333333333334,364.0,0,3,1150.5399596929376,1.7498,1.05748,11.74074074074074,237.95833333333334,4.6,3.8,1.75,A,Newcastle United,Tottenham Hotspur
0,1,1297.067880336508,1.31516,2.2233,17.0,204.95833333333334,0,0,1280.9641757583365,2.2233,1.31516,4.793103448275862,1742.0,3.8,3.8,1.9,H,Arsenal,Liverpool
0,1,1225.3406311790086,0.944434,1.52021,7.36,205.95833333333334,0,1,1190.0532319795461,1.52021,0.944434,12.863636363636363,652.0,2.0,3.5,3.75,D,Everton,Aston Villa
0,1,1294.389304749017,3.05752,0.660214,9.25,504.9583333333333,2,1,1272.2469231647751,0.660214,3.05752,10.173913043478262,1526.0,2.05,3.25,3.9,H,Leicester City,Sheffield United
0,1,982.2172104749376,0.572141,1.90448,11.65625,1038.0,0,2,1058.3386032271262,1.90448,0.572141,7.923076923076923,574.9583333333334,9.5,4.75,1.36,A,Crystal Palace,Manchester United
0,0,949.7622605277809,2.33745,0.67264,5.476190476190476,587.9583333333334,0,1,965.5752993583397,0.67264,2.33745,19.733333333333334,423.0,2.15,3.3,3.5,D,Southampton,Brighton & Hove Albion
0,1,1080.690352575082,0.833995,1.03402,9.714285714285714,199.95833333333334,2,1,998.6806906190201,1.03402,0.833995,5.2105263157894735,1112.0,2.4,3.0,3.3,H,West Ham United,Watford
0,1,859.5559873990944,0.576602,1.8233,24.5,224.95833333333334,2,1,861.8697718498479,1.8233,0.576602,6.806451612903226,2817.9583333333335,3.2,3.4,2.25,A,Norwich City,Burnley
0,1,1029.6641797067643,0.583117,2.24527,6.407407407407407,2837.0,0,0,1057.8177529002746,2.24527,0.583117,6.882352941176471,590.9583333333334,2.4,3.6,2.8,A,Bournemouth,Southampton
0,3,1278.122536721598,0.766922,1.20085,21.166666666666668,241.95833333333334,0,1,1265.5783299824968,1.20085,0.766922,6.538461538461538,507.9583333333333,2.25,3.3,3.25,H,Tottenham Hotspur,Leicester City
0,1,982.7286169491199,0.855896,0.929091,6.730769230769231,427.0,2,3,983.3511973146595,0.929091,0.855896,15.428571428571429,369.0,1.9,3.4,4.33,D,Brighton & Hove Albion,Newcastle United
2,1,1169.1150231392476,0.468461,0.624814,11.4,1530.0,0,1,1229.8280825848515,0.624814,0.468461,13.0625,209.95833333333334,2.2,3.25,3.5,A,Sheffield United,Everton
0,1,1244.2736925373715,1.48696,0.440119,14.117647058823529,1146.0,0,1,1233.2412887622966,0.440119,1.48696,11.681818181818182,1042.0,1.5,4.0,7.5,H,Wolverhampton Wanderers,Crystal Palace
2,1,1079.569273694073,0.131868,3.73814,21.0,1116.0,1,0,1161.7814853715292,3.73814,0.131868,4.481481481481482,1481.0,8.5,5.5,1.33,A,Watford,Manchester City
0,1,1014.1667209742171,0.57408,0.737137,18.63157894736842,657.0,0,1,939.5447213187485,0.737137,0.57408,6.285714285714286,210.95833333333334,3.3,3.6,2.1,H,Aston Villa,Arsenal
0,2,1264.121215196838,0.984161,1.29009,11.85,580.9583333333334,0,1,1306.4099317830348,1.29009,0.984161,13.38888888888889,204.95833333333334,1.22,6.5,11.0,D,Manchester United,West Ham United
0,0,1556.2695685431356,1.45179,2.38205,12.1,1749.0,1,1,1547.1334780164377,2.38205,1.45179,14.75,384.0,2.0,3.75,3.5,H,Liverpool,Chelsea
0,1,1301.6518448438712,1.95282,3.9197,16.416666666666668,215.95833333333334,2,1,1289.4592055875526,3.9197,1.95282,11.32,1121.0,1.9,3.8,3.8,H,Arsenal,Watford
2,1,1047.6866932648657,1.44244,1.3696,5.925925925925926,2825.9583333333335,0,1,1120.1332644018646,1.3696,1.44244,16.363636363636363,433.0,2.37,3.4,3.0,A,Burnley,Brighton & Hove Albion
1,1,1258.2118350712835,1.15938,0.164561,6.827586206896552,388.0,0,1,1230.3730525841795,0.164561,1.15938,14.518518518518519,1152.0,1.85,3.8,4.0,H,Chelsea,Wolverhampton Wanderers
0,1,987.0710214179776,0.988534,0.310302,13.238095238095237,1048.0,0,3,970.9717659071616,0.310302,0.988534,6.305555555555555,248.95833333333334,6.0,4.2,1.55,D,Crystal Palace,Tottenham Hotspur
0,1,1203.7041862701476,1.74699,1.46461,5.3478260869565215,215.95833333333334,0,1,1247.855213568727,1.46461,1.74699,13.5625,2844.0,2.25,3.7,3.0,A,Everton,Bournemouth
0,1,1250.702173670315,0.754668,1.41019,9.857142857142858,514.9583333333334,0,2,1354.056857703631,1.41019,0.754668,8.03225806451613,584.9583333333334,3.25,3.5,2.2,A,Leicester City,Manchester United
1,0,1416.5591246056863,3.56749,0.786563,6.6,1486.0,0,1,1385.5995842461923,0.786563,3.56749,31.0,232.95833333333334,1.08,11.0,26.0,H,Manchester City,Norwich City
2,3,1042.1407938782409,0.339294,0.56818,19.17391304347826,375.0,0,0,1075.0108428768085,0.56818,0.339294,6.0,1753.0,7.5,5.25,1.36,A,Newcastle United,Liverpool
0,0,1008.4552434683198,1.64306,1.41051,6.8,597.9583333333334,2,1,906.5185909882017,1.41051,1.64306,17.608695652173914,1536.0,2.15,3.5,3.3,H,Southampton,Sheffield United
0,1,1081.3639028631464,0.781465,0.983594,7.222222222222222,208.95833333333334,0,1,1073.0710571437664,0.983594,0.781465,10.636363636363637,662.0,3.0,3.6,2.3,D,West Ham United,Aston Villa
