Div,Date,Time,HomeTeam,AwayTeam,FTHG,FTAG,FTR,HTHG,HTAG,HTR,Referee,HS,AS,HST,AST,HF,AF,HC,AC,HY,AY,HR,AR,B365H,B365D,B365A,BWH,BWD,BWA,IWH,IWD,IWA,PSH,PSD,PSA,WHH,WHD,WHA,VCH,VCD,VCA,MaxH,MaxD,MaxA,AvgH,AvgD,AvgA,B365>2.5,B365<2.5,P>2.5,P<2.5,Max>2.5,Max<2.5,Avg>2.5,Avg<2.5,AHh,B365AHH,B365AHA,PAHH,PAHA,MaxAHH,MaxAHA,AvgAHH,AvgAHA,B365CH,B365CD,B365CA,BWCH,BWCD,BWCA,IWCH,IWCD,IWCA,PSCH,PSCD,PSCA,WHCH,WHCD,WHCA,VCCH,VCCD,VCCA,MaxCH,MaxCD,MaxCA,AvgCH,AvgCD,AvgCA,B365C>2.5,B365C<2.5,PC>2.5,PC<2.5,MaxC>2.5,MaxC<2.5,AvgC>2.5,AvgC<2.5,AHCh,B365CAHH,B365CAHA,PCAHH,PCAHA,MaxCAHH,MaxCAHA,AvgCAHH,AvgCAHA
E0,13/08/2021,20:00,Brentford,Arsenal,2,0,H,1,0,H,M Oliver,8,22,3,4,12,8,2,5,0,0,0,0,4,3.4,1.95,4,3.5,1.95,3.8,3.4,2.05,4.05,3.46,2.05,4,3.4,1.9,4.1,3.4,2,4.62,3.72,2.1,4.02,3.43,2.02,2.1,1.72,2.22,1.73,2.26,1.83,2.16,1.73,0.5,1.86,2.07,1.88,2.06,2.05,2.08,1.87,2.03,3.8,3.25,2.05,3.8,3.3,2.05,3.8,3.25,2.1,3.94,3.33,2.13,3.9,3,2.05,3.9,3.25,2.1,4.2,3.5,2.18,3.89,3.28,2.1,2.37,1.57,2.44,1.62,2.47,1.75,2.33,1.62,0.5,1.75,2.05,1.81,2.13,2.05,2.17,1.8,2.09
E0,14/08/2021,12:30,Man United,Leeds,5,1,H,1,0,H,P Tierney,16,10,8,3,11,9,5,4,1,2,0,0,1.53,4.5,5.75,1.53,4.5,5.75,1.55,4.4,5.75,1.56,4.57,5.96,1.52,4.33,5.8,1.55,4.4,6,1.59,4.65,6.35,1.55,4.48,5.87,1.61,2.3,1.67,2.32,1.71,2.38,1.65,2.29,-1,1.95,1.98,1.96,1.96,2,2.01,1.93,1.96,1.61,4.2,5.25,1.62,4.1,5.25,1.65,4.2,4.9,1.67,4.2,5.4,1.57,4.2,5.5,1.65,4.1,5.25,1.71,4.33,5.8,1.64,4.19,5.22,1.66,2.2,1.7,2.27,1.75,2.37,1.67,2.25,-1,2.05,1.75,2.17,1.77,2.19,1.93,2.1,1.79
E0,14/08/2021,15:00,Burnley,Brighton,1,2,A,1,0,H,D Coote,14,14,3,8,10,7,7,6,2,1,0,0,3.1,3.1,2.45,3.2,3.1,2.4,3.15,3.05,2.45,3.3,3.12,2.51,3.2,3,2.45,3.13,3.1,2.45,3.33,3.2,2.6,3.19,3.09,2.49,2.5,1.53,2.56,1.56,2.56,1.63,2.46,1.57,0.25,1.8,2.14,1.83,2.12,1.83,2.17,1.79,2.12,3.1,3.1,2.45,3.25,3.1,2.4,3.1,3.05,2.45,3.27,3.14,2.51,3.1,3,2.45,3.13,3.13,2.5,3.35,3.2,2.56,3.19,3.1,2.48,2.3,1.61,2.33,1.67,2.42,1.71,2.34,1.62,0.25,1.79,2.15,1.81,2.14,1.82,2.19,1.79,2.12
E0,14/08/2021,15:00,Chelsea,Crystal Palace,3,0,H,2,0,H,J Moss,13,4,6,1,15,11,5,2,0,0,0,0,1.25,5.75,13,1.28,5.75,10.5,1.25,6,13,1.26,6.24,12.74,1.25,5.5,13,1.25,5.75,13,1.3,6.3,15,1.26,5.92,12.8,1.8,2,1.8,2.09,1.84,2.12,1.79,2.06,-1.5,1.84,2.09,1.79,2.12,1.93,2.12,1.83,2.07,1.3,5.25,11,1.33,5,10,1.3,5.25,11,1.34,5.4,11,1.3,5.25,10,1.33,5,11,1.36,5.5,11.5,1.33,5.17,10.58,1.9,1.9,1.93,1.98,1.96,2.07,1.9,1.94,-1.5,2.05,1.75,2.12,1.81,2.16,1.93,2.06,1.82
E0,14/08/2021,15:00,Everton,Southampton,3,1,H,0,1,A,A Madley,14,6,6,3,13,15,6,8,2,0,0,0,1.9,3.5,4,1.95,3.5,3.9,1.95,3.45,3.95,2.01,3.56,4.1,1.95,3.4,4,1.95,3.4,4.1,2.04,3.66,4.25,1.97,3.53,4.04,2,1.8,2.14,1.78,2.14,1.85,2.07,1.79,-0.5,2,1.93,2.01,1.92,2.01,1.97,1.96,1.92,2,3.4,3.9,2.05,3.4,3.75,2,3.35,4,2.05,3.45,4.07,1.95,3.4,3.9,2,3.3,4.2,2.12,3.5,4.2,2.04,3.39,3.95,2.2,1.66,2.28,1.69,2.34,1.77,2.24,1.67,-0.5,2.05,1.88,2.05,1.88,2.08,1.9,2.03,1.86
E0,14/08/2021,15:00,Leicester,Wolves,1,0,H,1,0,H,C Pawson,9,17,5,3,6,10,5,4,1,2,0,0,1.66,3.8,5.25,1.67,3.9,5.25,1.7,3.75,5.25,1.73,3.79,5.47,1.7,3.6,5.25,1.7,3.7,5.25,1.75,3.96,5.6,1.71,3.75,5.32,2.09,1.84,2.08,1.84,2.12,1.85,2.04,1.81,-0.75,1.96,1.97,1.96,1.96,1.97,1.99,1.94,1.95,1.7,3.75,5,1.72,3.7,5,1.73,3.7,4.9,1.76,3.77,5.22,1.66,3.8,5,1.73,3.7,5.25,1.82,4.13,5.5,1.74,3.72,5.06,2,1.8,2.08,1.82,2.15,1.93,2.06,1.79,-0.75,2.02,1.91,2.01,1.92,2.05,1.95,1.99,1.89
E0,14/08/2021,15:00,Watford,Aston Villa,3,2,H,2,0,H,M Dean,13,11,7,2,18,13,2,4,3,1,0,0,3.1,3.2,2.37,3.25,3.3,2.3,3.05,3.25,2.4,3.18,3.31,2.47,3.2,3.1,2.38,3.1,3.25,2.38,3.3,3.4,2.5,3.14,3.26,2.41,2,1.8,2.1,1.83,2.1,1.87,2.03,1.82,0.25,1.83,2.1,1.83,2.11,1.86,2.12,1.82,2.07,3.4,3.3,2.2,3.4,3.3,2.2,3.35,3.15,2.3,3.68,3.35,2.21,3.4,3.2,2.2,3.5,3.3,2.2,3.73,3.45,2.3,3.49,3.3,2.22,2.1,1.72,2.18,1.75,2.23,1.84,2.12,1.74,0.25,2.02,1.91,2.04,1.89,2.04,1.93,1.99,1.9
E0,14/08/2021,17:30,Norwich,Liverpool,0,3,A,0,1,A,A Marriner,14,19,3,8,4,14,3,11,1,1,0,0,9,5.75,1.3,9,6,1.3,7.75,5.5,1.35,8.35,5.86,1.36,9,5.25,1.32,9.5,5.5,1.3,9.9,6,1.37,8.78,5.71,1.33,1.53,2.5,1.56,2.59,1.56,2.75,1.52,2.59,1.5,1.93,2,1.91,2.02,2,2.02,1.94,1.95,6.5,4.75,1.44,6.75,4.75,1.45,6.5,5.25,1.43,7,4.9,1.48,7.5,5,1.38,7,4.8,1.45,8,5.5,1.5,6.8,4.85,1.46,1.57,2.37,1.57,2.56,1.61,2.6,1.55,2.48,1.25,1.85,2.08,1.85,2.09,2.03,2.1,1.88,2.01
E0,15/08/2021,14:00,Newcastle,West Ham,2,4,A,2,1,H,M Atkinson,17,8,3,9,4,3,7,6,1,0,0,0,3.2,3.5,2.2,3.3,3.4,2.2,3.15,3.45,2.25,3.21,3.59,2.32,3.1,3.4,2.25,3.25,3.4,2.25,3.36,3.61,2.36,3.2,3.51,2.26,1.99,1.94,1.98,1.93,2.01,1.96,1.95,1.9,0.25,1.94,1.99,1.92,2,1.97,2,1.92,1.96,3.3,3.4,2.2,3.3,3.4,2.2,3.3,3.45,2.2,3.46,3.55,2.21,3.4,3.3,2.15,3.4,3.5,2.15,3.62,3.6,2.27,3.36,3.5,2.19,1.9,1.9,1.92,1.99,1.97,2.05,1.88,1.95,0.25,2.01,1.92,2.02,1.91,2.12,1.94,2,1.89
E0,15/08/2021,16:30,Tottenham,Man City,1,0,H,0,0,D,A Taylor,13,18,3,4,11,8,3,11,2,1,0,0,5.5,4.2,1.6,5.25,4.25,1.6,5.25,4.1,1.63,5.56,4.09,1.67,5.5,4,1.6,5.5,4,1.62,5.85,4.3,1.68,5.49,4.1,1.64,1.89,2.04,1.89,2.02,1.91,2.1,1.85,2.01,1,1.73,2.08,1.76,2.19,1.86,2.19,1.79,2.11,6,4.1,1.55,6,4.2,1.55,5.5,3.95,1.63,5.97,4.25,1.61,5.8,3.8,1.6,6,4,1.6,6.53,4.33,1.65,5.88,4.12,1.6,1.8,2,1.88,2.03,2,2.17,1.85,1.99,1,1.84,2.09,1.87,2.06,1.94,2.15,1.84,2.05
E0,21/08/2021,12:30,Liverpool,Burnley,2,0,H,1,0,H,M Dean,27,9,9,3,6,12,8,4,0,0,0,0,1.18,7.5,13,1.2,7,13.5,1.22,6.5,13,1.21,6.98,15.68,1.2,6.5,15,1.2,7,15,1.24,7.5,17,1.21,6.97,14.41,1.53,2.5,1.56,2.55,1.59,2.61,1.54,2.5,-2,2.05,1.75,2.15,1.77,2.15,1.89,2.07,1.81,1.25,6,11,1.25,6.25,11.5,1.25,6.5,11,1.25,6.75,13.5,1.2,6.5,13,1.22,6.5,13,1.31,7.1,14,1.24,6.57,12.29,1.44,2.75,1.47,2.79,1.54,2.85,1.47,2.7,-1.75,1.95,1.98,1.95,1.95,1.97,2.07,1.9,1.98
E0,21/08/2021,15:00,Aston Villa,Newcastle,2,0,H,1,0,H,D Coote,10,9,2,1,8,18,3,4,3,4,0,0,1.8,3.75,4.33,1.8,3.9,4.25,1.83,3.8,4.1,1.83,3.99,4.4,1.8,3.75,4.2,1.8,3.75,4.5,1.87,4.2,4.5,1.82,3.92,4.25,1.72,2.1,1.78,2.15,1.81,2.18,1.77,2.09,-0.75,2.06,1.87,2.08,1.86,2.08,1.88,2.04,1.84,1.8,3.8,4.33,1.83,3.75,4.2,1.83,3.85,4.1,1.87,3.83,4.39,1.8,3.7,4.2,1.83,3.8,4.2,1.89,4.1,4.43,1.84,3.88,4.21,1.72,2.1,1.74,2.21,1.74,2.39,1.68,2.23,-0.5,1.85,2.08,1.87,2.06,1.88,2.11,1.84,2.05
E0,21/08/2021,15:00,Crystal Palace,Brentford,0,0,D,0,0,D,M Atkinson,7,14,2,3,12,9,3,5,3,1,0,0,2.55,3.2,2.87,2.6,3.2,2.8,2.6,3.15,2.9,2.65,3.28,2.95,2.55,3.1,2.88,2.6,3.13,2.9,2.7,3.3,3.02,2.61,3.18,2.9,2.3,1.61,2.39,1.64,2.43,1.67,2.32,1.62,0,1.83,2.1,1.86,2.07,1.87,2.12,1.83,2.06,2.6,3.2,2.8,2.6,3.2,2.8,2.65,3.05,2.9,2.68,3.2,2.97,2.6,3.1,2.87,2.7,3.13,2.9,2.75,3.27,3,2.65,3.16,2.9,2.3,1.61,2.38,1.64,2.42,1.71,2.32,1.63,0,1.85,2.08,1.86,2.07,1.89,2.12,1.85,2.04
E0,21/08/2021,15:00,Leeds,Everton,2,2,D,1,1,D,D England,17,17,4,8,6,13,8,5,2,4,0,0,2.37,3.4,3,2.35,3.4,3,2.35,3.45,3,2.39,3.51,3.14,2.35,3.3,3,2.3,3.6,3,2.45,3.6,3.19,2.37,3.47,3.03,1.72,2.1,1.75,2.18,1.76,2.29,1.7,2.2,-0.25,2.07,1.86,2.06,1.88,2.09,1.9,2.04,1.85,2.05,3.5,3.6,2.1,3.5,3.5,2.05,3.5,3.55,2.15,3.52,3.65,2.1,3.3,3.6,2.1,3.5,3.6,2.25,3.6,3.7,2.13,3.49,3.53,1.8,2,1.85,2.07,1.88,2.17,1.82,2.02,-0.25,1.86,2.07,1.85,2.08,1.91,2.1,1.85,2.05
E0,21/08/2021,15:00,Man City,Norwich,5,0,H,2,0,H,G Scott,16,1,4,0,13,7,6,1,1,0,0,0,1.08,11,26,1.11,9.5,23,1.12,9.5,22,1.11,11.28,26.2,1.08,10,26,1.09,10.5,26,1.13,12.5,33,1.11,10.58,25.64,1.33,3.4,1.35,3.38,1.39,3.4,1.34,3.29,-2.5,1.97,1.96,1.97,1.93,2,1.99,1.93,1.95,1.1,9.5,23,1.12,9,21,1.15,8.5,19,1.13,10,26,1.08,10,26,1.11,10,26,1.15,11,28.44,1.12,9.88,23.15,1.36,3.2,1.36,3.3,1.43,3.48,1.36,3.18,-2.5,2,1.8,2.07,1.85,2.11,1.97,2.04,1.84
E0,21/08/2021,17:30,Brighton,Watford,2,0,H,2,0,H,A Taylor,13,10,3,1,11,6,7,2,4,0,0,0,1.7,3.5,5.75,1.75,3.3,5.75,1.75,3.5,5.25,1.75,3.55,5.8,1.7,3.4,5.5,1.7,3.6,5.5,1.8,3.6,5.9,1.74,3.52,5.53,2.2,1.66,2.29,1.69,2.31,1.73,2.24,1.67,-0.75,1.98,1.95,2.01,1.92,2.01,1.99,1.97,1.92,1.7,3.6,5.25,1.7,3.5,5.75,1.75,3.5,5.25,1.78,3.55,5.6,1.7,3.4,5.8,1.73,3.6,5.25,1.8,3.75,6,1.74,3.58,5.41,2.1,1.72,2.18,1.75,2.25,1.84,2.16,1.72,-0.75,2.02,1.91,2.01,1.92,2.14,1.96,1.97,1.91
E0,22/08/2021,14:00,Southampton,Man United,1,1,D,1,0,H,C Pawson,8,15,3,4,12,10,7,7,2,3,0,0,5.5,4.2,1.57,5,4.33,1.62,5.25,4.2,1.6,5.32,4.41,1.64,5.5,4,1.6,5.75,4.1,1.57,5.75,4.42,1.66,5.36,4.26,1.61,1.72,2.1,1.78,2.15,1.78,2.25,1.72,2.16,1,1.87,2.06,1.85,2.09,1.9,2.09,1.84,2.04,5.25,4.33,1.6,5,4.1,1.65,5.25,4.3,1.6,5.7,4.45,1.61,5.5,4,1.6,5.75,4.2,1.6,5.79,4.5,1.7,5.39,4.28,1.62,1.66,2.2,1.72,2.24,1.73,2.39,1.68,2.23,1,1.89,2.04,1.88,2.05,2,2.2,1.84,2.05
E0,22/08/2021,14:00,Wolves,Tottenham,0,1,A,0,1,A,S Attwell,25,8,6,6,9,7,5,4,1,4,0,0,3.2,3.2,2.35,3.3,3.2,2.3,3.15,3.1,2.45,3.25,3.15,2.52,3.2,3,2.4,3.13,3.2,2.4,3.42,3.29,2.55,3.2,3.15,2.43,2.2,1.66,2.29,1.69,2.31,1.72,2.24,1.67,0.25,1.82,2.11,1.82,2.13,1.85,2.16,1.81,2.08,2.8,3.1,2.62,2.9,3.1,2.6,2.85,3,2.7,2.95,3.09,2.79,3,3,2.55,2.88,3.1,2.7,3.17,3.2,2.84,2.93,3.06,2.7,2.3,1.61,2.41,1.63,2.41,1.72,2.32,1.63,0,2.03,1.9,2.02,1.91,2.11,1.92,2.02,1.86
E0,22/08/2021,16:30,Arsenal,Chelsea,0,2,A,0,2,A,P Tierney,6,22,3,5,10,4,9,8,3,0,0,0,4.75,3.75,1.72,4.75,3.75,1.75,4.8,3.75,1.73,4.9,3.83,1.79,4.75,3.6,1.75,5,3.6,1.75,5,3.9,1.83,4.76,3.74,1.78,2.1,1.72,2.13,1.79,2.14,1.87,2.07,1.79,0.75,1.88,2.05,1.88,2.05,1.9,2.06,1.86,2.02,4.5,3.5,1.85,4.33,3.5,1.87,4.4,3.45,1.9,4.5,3.56,1.93,4.5,3.5,1.8,4.6,3.5,1.87,4.98,3.75,1.96,4.51,3.54,1.88,2.1,1.72,2.19,1.75,2.25,1.84,2.13,1.74,0.5,2.02,1.91,2,1.93,2.07,1.93,2.02,1.87
E0,23/08/2021,20:00,West Ham,Leicester,4,1,H,1,0,H,M Oliver,13,5,7,1,8,8,10,0,0,1,0,1,2.5,3.5,2.75,2.6,3.5,2.6,2.55,3.4,2.75,2.61,3.51,2.82,2.6,3.3,2.7,2.55,3.5,2.7,2.66,3.55,2.87,2.58,3.44,2.75,1.8,2,1.83,2.07,1.86,2.12,1.8,2.04,0,1.9,2.03,1.88,2.04,1.93,2.04,1.88,2.01,2.4,3.4,2.9,2.45,3.4,2.85,2.45,3.45,2.85,2.52,3.5,2.95,2.45,3.4,2.8,2.45,3.5,2.9,2.56,3.7,3.1,2.46,3.47,2.9,1.8,2,1.81,2.1,1.84,2.17,1.78,2.08,-0.25,2.14,1.8,2.17,1.78,2.17,1.82,2.12,1.78
E0,28/08/2021,12:30,Man City,Arsenal,5,0,H,3,0,H,M Atkinson,25,1,10,0,5,7,14,0,1,2,0,1,1.25,6,12,1.25,6.25,11.5,1.27,6,11,1.26,6.28,12.59,1.24,5.8,12,1.25,6,13,1.3,6.6,13.7,1.26,6.16,11.99,1.57,2.37,1.57,2.52,1.64,2.52,1.57,2.45,-1.75,2.04,1.89,2,1.91,2.11,1.94,2,1.88,1.33,5.25,9,1.36,5,8.5,1.35,5,8.75,1.36,5.2,10.5,1.27,5.5,11,1.33,5.25,10.5,1.4,5.75,11.5,1.34,5.24,9.86,1.8,2,1.84,2.08,1.86,2.43,1.77,2.1,-1.5,2.02,1.77,2.14,1.79,2.15,2.05,2.05,1.83
E0,28/08/2021,15:00,Aston Villa,Brentford,1,1,D,1,1,D,P Bankes,7,9,5,2,15,14,3,2,3,3,0,0,1.95,3.6,3.8,1.95,3.7,3.8,2,3.5,3.75,2.02,3.63,3.95,2,3.4,3.7,1.95,3.5,4,2.06,3.74,4,2,3.57,3.84,1.9,1.9,2.01,1.9,2.05,1.95,1.97,1.88,-0.5,2.02,1.91,2.02,1.9,2.03,1.94,2,1.88,2,3.25,4,2.1,3.3,3.7,2.05,3.25,3.85,2.1,3.33,4.07,2,3.4,3.8,2.05,3.3,4,2.15,3.43,4.1,2.09,3.3,3.9,2.2,1.66,2.3,1.68,2.31,1.75,2.22,1.68,-0.5,2.09,1.84,2.1,1.84,2.14,1.86,2.08,1.81
E0,28/08/2021,15:00,Brighton,Everton,0,2,A,0,1,A,J Moss,14,14,3,5,7,9,4,5,1,2,0,0,2.3,3.2,3.3,2.35,3.3,3.1,2.35,3.15,3.2,2.37,3.29,3.37,2.35,3.1,3.25,2.3,3.2,3.3,2.42,3.39,3.42,2.35,3.25,3.27,2.2,1.66,2.26,1.7,2.34,1.74,2.23,1.68,-0.25,2.02,1.91,2.02,1.9,2.06,1.93,2,1.88,2.25,3.25,3.3,2.3,3.2,3.3,2.3,3.15,3.35,2.35,3.26,3.46,2.25,3.1,3.4,2.3,3.2,3.4,2.4,3.34,3.5,2.31,3.23,3.36,2.2,1.66,2.3,1.68,2.31,1.77,2.24,1.67,-0.25,1.99,1.94,1.99,1.93,2.02,1.95,1.97,1.91
E0,28/08/2021,15:00,Newcastle,Southampton,2,2,D,0,0,D,P Tierney,10,22,5,6,11,6,4,4,3,3,0,0,2.5,3.4,2.8,2.5,3.5,2.75,2.5,3.45,2.8,2.55,3.52,2.9,2.45,3.4,2.8,2.5,3.4,2.8,2.6,3.77,2.94,2.52,3.47,2.82,1.85,2.05,1.85,2.06,1.87,2.11,1.83,2.03,0,1.84,2.09,1.84,2.1,1.89,2.11,1.84,2.05,2.4,3.5,2.9,2.4,3.5,2.85,2.45,3.5,2.8,2.51,3.59,2.89,2.4,3.5,2.8,2.45,3.6,2.8,2.56,3.74,3,2.44,3.54,2.86,1.72,2.1,1.74,2.2,1.84,2.26,1.73,2.14,-0.25,2.05,1.75,2.16,1.78,2.17,1.82,2.1,1.78
E0,28/08/2021,15:00,Norwich,Leicester,1,2,A,1,1,D,R Jones,14,9,4,3,8,9,9,9,2,1,0,0,4.5,3.5,1.85,4.6,3.5,1.83,4.1,3.65,1.9,4.47,3.54,1.93,4.2,3.4,1.88,4.1,3.7,1.87,4.7,3.7,1.97,4.34,3.55,1.9,1.8,2,1.83,2.07,1.86,2.13,1.8,2.06,0.5,2.01,1.92,1.99,1.93,2.03,1.94,1.98,1.9,4.2,3.6,1.85,4,3.6,1.91,4.1,3.6,1.9,4.4,3.67,1.91,4.2,3.4,1.88,4.33,3.6,1.87,4.62,3.76,1.96,4.21,3.63,1.9,1.9,1.9,1.96,1.94,1.96,2.1,1.87,1.97,0.5,2.03,1.9,2.02,1.91,2.06,1.95,1.98,1.9
E0,28/08/2021,15:00,West Ham,Crystal Palace,2,2,D,1,0,H,S Attwell,14,9,4,2,10,7,5,3,1,0,0,0,1.55,4,6.5,1.57,4,6,1.6,3.85,6.25,1.59,4.07,6.64,1.55,3.8,6.5,1.55,4,6.5,1.63,4.15,6.7,1.58,4.02,6.29,1.9,1.9,1.93,1.98,1.94,2.04,1.89,1.96,-1,2.04,1.89,2.06,1.87,2.11,1.93,2.02,1.86,1.53,4,6.5,1.53,4.1,6.5,1.57,3.95,6,1.59,4,6.8,1.53,3.9,6.5,1.55,4.2,6.5,1.61,4.33,7,1.57,4.12,6.39,1.8,2,1.85,2.07,1.87,2.19,1.8,2.05,-1,2.05,1.88,2.04,1.89,2.06,1.97,1.98,1.89
E0,28/08/2021,17:30,Liverpool,Chelsea,1,1,D,1,1,D,A Taylor,24,6,7,3,13,4,12,3,0,2,0,1,2.45,3.3,2.9,2.45,3.4,2.85,2.5,3.25,2.95,2.52,3.36,3.06,2.45,3.25,2.9,2.5,3.3,2.9,2.6,3.51,3.08,2.5,3.33,2.95,2,1.8,2.02,1.89,2.11,1.92,2.02,1.83,0,1.81,2.13,1.78,2.16,1.85,2.19,1.79,2.12,2.45,3.3,2.9,2.4,3.3,3,2.4,3.25,3.05,2.47,3.36,3.13,2.4,3.3,2.9,2.45,3.3,3,2.55,3.63,3.26,2.43,3.32,3.07,2,1.8,2.08,1.84,2.13,1.93,2.02,1.82,-0.25,2.1,1.83,2.11,1.83,2.16,1.88,2.08,1.81
E0,29/08/2021,14:00,Burnley,Leeds,1,1,D,0,0,D,M Oliver,12,12,3,2,13,9,5,5,4,3,0,0,3.1,3.5,2.25,3.1,3.4,2.3,3.05,3.45,2.3,3.15,3.58,2.35,3,3.3,2.35,3,3.5,2.3,3.17,3.71,2.42,3.07,3.51,2.33,1.72,2.1,1.78,2.14,1.82,2.14,1.77,2.09,0.25,1.87,2.03,1.9,2.03,1.9,2.05,1.87,2.01,3.2,3.5,2.2,3.3,3.5,2.15,3.2,3.5,2.2,3.35,3.6,2.24,3.25,3.4,2.2,3.25,3.6,2.2,3.52,3.65,2.3,3.27,3.54,2.22,1.72,2.1,1.79,2.12,1.8,2.28,1.76,2.11,0.25,1.96,1.94,1.98,1.94,2.08,1.96,1.96,1.92
E0,29/08/2021,14:00,Tottenham,Watford,1,0,H,1,0,H,A Marriner,15,9,8,2,8,14,10,3,3,3,0,0,1.36,4.75,9,1.44,4.5,7.75,1.47,4.5,7,1.45,4.42,9.04,1.4,4.33,8.5,1.44,4.4,8,1.48,4.75,9.1,1.44,4.48,8.42,1.8,2,1.88,2.02,1.91,2.05,1.85,2,-1.25,2.08,1.85,2.1,1.84,2.1,1.9,2.04,1.85,1.4,4.5,8.5,1.45,4.4,7.25,1.5,4.4,6.25,1.44,4.65,8.5,1.42,4.2,8.5,1.45,4.5,7.5,1.51,4.7,9.34,1.47,4.45,7.65,1.8,2,1.81,2.1,1.87,2.17,1.8,2.05,-1.25,2.09,1.84,2.11,1.81,2.16,1.89,2.08,1.81
E0,29/08/2021,16:30,Wolves,Man United,0,1,A,0,0,D,M Dean,15,10,6,3,7,9,5,7,3,4,0,0,5,3.5,1.75,5,3.4,1.8,4.6,3.55,1.8,5.14,3.51,1.83,5,3.4,1.78,4.6,3.6,1.8,5.2,3.65,1.91,4.91,3.48,1.82,2,1.8,2.08,1.84,2.08,1.9,2.01,1.83,0.75,1.84,2.09,1.83,2.1,1.86,2.11,1.81,2.07,4.75,3.75,1.75,4.75,3.7,1.75,5.25,3.5,1.75,4.93,3.8,1.79,5.25,3.6,1.7,5,3.7,1.75,5.25,3.84,1.83,4.88,3.71,1.77,2,1.8,2.08,1.84,2.11,1.94,2.02,1.82,0.75,1.91,2.02,1.9,2.03,2,2.06,1.89,1.99
E0,11/09/2021,12:30,Crystal Palace,Tottenham,3,0,H,0,0,D,J Moss,18,2,4,1,13,15,8,2,2,1,0,1,4.2,3.5,1.9,4.4,3.3,1.91,4.1,3.45,1.95,4.42,3.47,1.96,4.33,3.3,1.91,4.1,3.3,1.91,4.63,3.56,2,4.25,3.44,1.95,2.1,1.72,2.18,1.76,2.18,1.83,2.1,1.77,0.5,1.96,1.97,1.96,1.96,1.98,2,1.93,1.96,3.8,3.4,2.05,4.2,3.3,1.95,3.8,3.25,2.1,3.95,3.33,2.13,4,3.2,2,4,3.25,2.05,4.3,3.5,2.18,3.95,3.32,2.07,2.3,1.61,2.39,1.64,2.4,1.73,2.28,1.65,0.5,1.75,2.05,1.81,2.12,1.91,2.19,1.82,2.07
E0,11/09/2021,15:00,Arsenal,Norwich,1,0,H,0,0,D,M Oliver,30,10,7,1,9,11,8,4,1,2,0,0,1.5,4.6,6,1.5,4.5,6.25,1.53,4.4,6,1.53,4.57,6.5,1.5,4.2,6.5,1.45,4.33,6.5,1.55,4.6,6.95,1.52,4.48,6.4,1.72,2.1,1.73,2.21,1.75,2.26,1.71,2.17,-1,1.85,2.08,1.89,2.04,1.9,2.11,1.84,2.04,1.36,5,8,1.42,4.75,7.5,1.4,4.9,7.75,1.44,4.91,7.9,1.38,4.75,8,1.4,5,8.5,1.5,5.13,8.83,1.42,4.89,7.72,1.66,2.2,1.67,2.33,1.7,2.55,1.63,2.33,-1.5,2.1,1.7,2.19,1.76,2.31,1.94,2.15,1.75
E0,11/09/2021,15:00,Brentford,Brighton,0,1,A,0,0,D,G Scott,7,4,1,2,9,12,1,6,3,2,0,0,2.8,3.2,2.62,2.8,3.2,2.65,2.85,3.1,2.65,2.93,3.19,2.72,2.75,3.1,2.7,2.8,3,2.63,2.99,3.26,2.78,2.86,3.14,2.69,2.5,1.53,2.52,1.58,2.55,1.61,2.46,1.57,0,2.03,1.9,2.04,1.89,2.04,1.94,1.99,1.89,3.1,3,2.55,2.9,3,2.7,3.05,2.95,2.6,3.14,3,2.7,3,3,2.55,3,3,2.7,3.2,3.24,2.88,3.01,3.01,2.67,2.5,1.53,2.7,1.52,2.7,1.58,2.57,1.52,0,2.13,1.81,2.12,1.83,2.13,1.94,2.06,1.83
E0,11/09/2021,15:00,Leicester,Man City,0,1,A,0,0,D,P Tierney,6,25,1,8,4,11,5,8,1,2,0,0,6,4,1.57,5.5,4.25,1.57,5.5,4.2,1.6,5.87,4.26,1.61,5.8,4.2,1.55,5.5,4,1.57,6.15,4.5,1.63,5.7,4.22,1.6,1.72,2.1,1.74,2.2,1.8,2.23,1.74,2.14,1,1.85,2.08,1.86,2.07,1.91,2.12,1.85,2.04,5.25,4,1.61,5.5,3.75,1.65,5.25,4,1.65,5.62,4.15,1.65,5.5,3.9,1.6,6,4,1.6,6,4.33,1.7,5.58,4.04,1.63,1.8,2,1.85,2.07,1.89,2.17,1.81,2.04,1,1.75,2.05,1.81,2.12,1.9,2.22,1.79,2.1
E0,11/09/2021,15:00,Man United,Newcastle,4,1,H,1,0,H,A Taylor,21,12,7,3,9,2,7,3,1,0,0,0,1.18,7.5,15,1.2,7,14,1.2,7,13,1.19,7.56,16.42,1.2,6.5,15,1.17,7,15,1.24,7.8,17,1.2,7.27,14.77,1.44,2.75,1.44,2.91,1.49,2.96,1.44,2.79,-2,2.02,1.91,2,1.91,2.06,1.94,1.98,1.89,1.18,7,15,1.2,7,14,1.2,7,14,1.2,7.45,15.76,1.18,7,15,1.17,8,18,1.22,8.06,19.13,1.19,7.42,15.77,1.44,2.75,1.46,2.82,1.5,3,1.44,2.8,-2,1.99,1.94,1.99,1.92,2.01,2.07,1.92,1.95
E0,11/09/2021,15:00,Southampton,West Ham,0,0,D,0,0,D,D Coote,11,13,3,3,10,12,5,4,3,1,0,1,2.9,3.5,2.4,2.95,3.5,2.35,2.85,3.45,2.45,2.93,3.48,2.54,2.88,3.25,2.45,2.75,3.5,2.4,2.98,3.56,2.57,2.89,3.46,2.47,1.72,2.1,1.72,2.23,1.78,2.24,1.72,2.15,0,2.1,1.83,2.11,1.83,2.17,1.85,2.09,1.8,3,3.5,2.3,2.95,3.5,2.35,3,3.5,2.3,3.16,3.55,2.36,3,3.3,2.35,3,3.6,2.3,3.3,3.7,2.46,3.06,3.53,2.33,1.66,2.2,1.71,2.24,1.73,2.37,1.69,2.21,0.25,1.9,2.03,1.89,2.03,1.99,2.13,1.87,2.02
E0,11/09/2021,15:00,Watford,Wolves,0,2,A,0,0,D,P Bankes,6,14,2,5,15,13,6,8,3,3,0,0,3.4,3.2,2.25,3.3,3.25,2.3,3.3,3.15,2.3,3.47,3.22,2.36,3.3,3.1,2.3,3.25,3.1,2.25,3.48,3.28,2.38,3.36,3.19,2.33,2.3,1.61,2.37,1.65,2.38,1.69,2.3,1.64,0.25,1.91,2.02,1.92,2.01,1.93,2.04,1.89,1.99,3.6,3.1,2.15,3.4,3.2,2.25,3.5,3.15,2.25,3.67,3.21,2.28,3.5,3.1,2.2,3.6,3.13,2.25,4,3.29,2.35,3.57,3.17,2.25,2.3,1.61,2.38,1.64,2.45,1.7,2.33,1.62,0.25,1.98,1.95,1.99,1.93,2.07,1.99,1.97,1.91
E0,11/09/2021,17:30,Chelsea,Aston Villa,3,0,H,1,0,H,S Attwell,12,18,4,6,11,11,4,11,1,4,0,0,1.28,5.5,11,1.3,5.5,10,1.33,5.25,10,1.31,5.51,12.17,1.29,5.25,11,1.29,5,11,1.33,5.75,12.94,1.3,5.46,11.28,1.8,2,1.82,2.08,1.85,2.14,1.78,2.07,-1.5,1.97,1.96,1.98,1.94,1.98,1.99,1.94,1.94,1.33,5,9,1.3,5.5,10,1.35,5.25,8.5,1.35,5.38,10.33,1.32,5,10,1.33,5.25,10,1.4,5.6,12.3,1.34,5.29,9.78,1.66,2.2,1.68,2.32,1.8,2.37,1.67,2.23,-1.5,2.01,1.92,2.02,1.9,2.06,1.96,1.99,1.89
E0,12/09/2021,16:30,Leeds,Liverpool,0,3,A,0,1,A,C Pawson,9,30,4,9,9,8,2,11,2,1,1,0,4.33,4,1.75,4.4,4,1.75,4.2,4.1,1.77,4.54,4.15,1.78,4.4,3.8,1.75,4.2,3.9,1.73,4.7,4.2,1.83,4.34,4.05,1.78,1.57,2.37,1.59,2.5,1.61,2.5,1.57,2.44,0.75,1.91,2.02,1.94,1.98,1.94,2.03,1.89,1.99,4.5,4.33,1.66,4.75,4.2,1.65,4.7,4.3,1.65,5.04,4.48,1.66,4.75,4,1.66,5,4.33,1.65,5.2,4.6,1.75,4.86,4.31,1.67,1.53,2.5,1.53,2.67,1.59,2.67,1.53,2.53,0.75,2.09,1.84,2.11,1.83,2.21,1.9,2.06,1.83
E0,13/09/2021,20:00,Everton,Burnley,3,1,H,0,0,D,M Atkinson,14,11,6,6,3,6,4,6,1,1,0,0,1.7,3.75,5,1.75,3.7,4.75,1.73,3.7,4.9,1.74,3.83,5.35,1.73,3.5,5,1.7,3.5,5,1.8,3.83,5.4,1.75,3.71,5.01,2,1.8,2.03,1.88,2.05,1.91,1.99,1.85,-0.75,1.99,1.94,1.96,1.96,2.03,1.96,1.97,1.91,1.75,3.5,5.25,1.75,3.5,5.25,1.8,3.5,4.8,1.78,3.53,5.58,1.7,3.5,5.25,1.75,3.5,5.25,1.85,3.74,5.74,1.78,3.52,5.23,2.3,1.61,2.36,1.65,2.36,1.74,2.23,1.68,-0.75,2.05,1.88,2.05,1.88,2.08,1.98,2.03,1.86
E0,17/09/2021,20:00,Newcastle,Leeds,1,1,D,1,1,D,M Dean,17,22,7,9,9,11,4,5,2,2,0,0,3,3.6,2.3,2.95,3.6,2.3,2.95,3.55,2.3,3.05,3.69,2.36,3,3.5,2.25,3,3.7,2.3,3.15,3.75,2.42,3.01,3.62,2.33,1.61,2.3,1.66,2.34,1.71,2.37,1.65,2.29,0.25,1.87,2.06,1.88,2.05,1.88,2.1,1.86,2.03,3.1,3.6,2.2,3,3.7,2.25,3.05,3.65,2.25,3.25,3.74,2.23,3,3.5,2.25,3.1,3.7,2.25,3.25,3.8,2.34,3.09,3.67,2.26,1.61,2.3,1.64,2.39,1.67,2.47,1.62,2.34,0.25,1.96,1.97,1.98,1.94,1.98,2.02,1.91,1.97
E0,18/09/2021,12:30,Wolves,Brentford,0,2,A,0,2,A,D England,11,9,0,3,10,7,4,2,4,2,0,1,1.83,3.25,5,1.85,3.3,4.75,1.9,3.3,4.7,1.93,3.3,4.98,1.91,3.1,4.6,1.87,3.3,5,1.95,3.35,5,1.9,3.27,4.83,2.5,1.53,2.57,1.56,2.6,1.61,2.49,1.56,-0.5,1.92,2.01,1.93,2,1.94,2.05,1.9,1.99,1.8,3.25,5,1.8,3.3,5.25,1.8,3.35,4.9,1.83,3.42,5.38,1.83,3.2,5,1.8,3.4,5.25,1.92,3.45,5.61,1.83,3.35,5.1,2.37,1.57,2.53,1.58,2.53,1.66,2.4,1.58,-0.5,1.81,2.13,1.83,2.11,1.87,2.14,1.83,2.06
E0,18/09/2021,15:00,Burnley,Arsenal,0,1,A,0,1,A,A Taylor,18,13,3,3,9,8,8,3,2,1,0,0,3.8,3.6,1.95,3.9,3.4,2,3.7,3.5,2.05,3.87,3.57,2.06,3.8,3.4,2,3.9,3.3,1.95,4,3.66,2.1,3.82,3.5,2.03,2,1.8,2.02,1.89,2.1,1.89,2.03,1.82,0.5,1.87,2.06,1.86,2.07,1.89,2.08,1.86,2.03,3.75,3.6,1.95,3.8,3.6,1.95,3.6,3.55,2.05,3.94,3.79,1.98,3.6,3.5,2,3.8,3.6,2,4.14,3.79,2.11,3.76,3.63,2.01,1.85,2.05,1.85,2.07,1.91,2.07,1.85,1.99,0.5,1.9,2.03,1.94,1.98,1.94,2.07,1.87,2.02
E0,18/09/2021,15:00,Liverpool,Crystal Palace,3,0,H,1,0,H,A Madley,25,13,10,2,17,11,10,5,3,1,0,0,1.2,7,13,1.22,6.5,13.5,1.22,6.5,12,1.22,6.87,15.6,1.2,6.5,15,1.2,6.5,13,1.25,7.3,17,1.22,6.84,14.04,1.5,2.62,1.52,2.64,1.54,2.7,1.5,2.6,-1.75,1.86,2.07,1.88,2.03,1.89,2.09,1.85,2.05,1.28,5.75,10,1.25,6.25,11,1.27,6.25,10,1.29,6.13,11.57,1.24,5.8,12,1.29,5.75,12,1.33,7,15.1,1.27,6.16,11.26,1.53,2.5,1.53,2.65,1.56,2.85,1.51,2.6,-1.75,2.02,1.77,2.1,1.83,2.14,2.08,2.02,1.86
E0,18/09/2021,15:00,Man City,Southampton,0,0,D,0,0,D,J Moss,18,10,1,2,5,12,8,5,0,2,0,0,1.12,9.5,17,1.14,8.25,19.5,1.17,7.75,16,1.16,8.48,19.72,1.14,7.5,19,1.12,8,19,1.19,9.5,21,1.15,8.46,18.55,1.36,3.2,1.42,2.99,1.43,3.2,1.4,2.99,-2.25,2.05,1.88,2.04,1.87,2.07,1.94,2,1.88,1.14,8,17,1.19,7,15,1.17,8.25,14,1.18,8.18,16.74,1.15,7.5,17,1.17,8,17,1.2,9,23,1.17,8.1,16.62,1.36,3.2,1.38,3.2,1.44,3.48,1.37,3.15,-2,1.87,2.06,1.87,2.04,1.91,2.18,1.84,2.05
E0,18/09/2021,15:00,Norwich,Watford,1,3,A,1,1,D,R Jones,12,12,5,8,10,14,4,8,1,1,0,0,2.15,3.3,3.5,2.15,3.4,3.4,2.15,3.35,3.45,2.21,3.48,3.53,2.15,3.3,3.5,2.15,3.2,3.4,2.28,3.52,3.6,2.18,3.39,3.47,2.1,1.72,2.13,1.79,2.25,1.81,2.11,1.76,-0.25,1.91,2.02,1.9,2.02,1.98,2.06,1.88,2.01,2.25,3.3,3.3,2.15,3.4,3.4,2.3,3.25,3.25,2.41,3.29,3.31,2.25,3.25,3.3,2.3,3.3,3.3,2.41,3.5,3.52,2.3,3.3,3.34,2.1,1.8,2.08,1.83,2.14,1.91,2.07,1.79,-0.25,2.04,1.89,2.05,1.88,2.05,1.99,1.98,1.9
E0,18/09/2021,17:30,Aston Villa,Everton,3,0,H,0,0,D,C Pawson,15,11,3,1,7,10,5,4,1,1,0,0,2.4,3.3,3,2.35,3.4,3,2.35,3.3,3.05,2.42,3.44,3.15,2.4,3.2,3,2.3,3.25,3,2.5,3.51,3.19,2.4,3.36,3.06,2,1.8,2.06,1.85,2.07,1.91,2,1.84,-0.25,2.06,1.87,2.07,1.86,2.11,1.89,2.06,1.84,2.1,3.4,3.5,2.15,3.3,3.6,2.25,3.2,3.35,2.18,3.46,3.65,2.2,3.25,3.4,2.15,3.4,3.6,2.39,3.5,3.65,2.18,3.36,3.52,2,1.8,2.09,1.82,2.13,1.93,2.05,1.79,-0.25,1.88,2.05,1.87,2.06,1.96,2.08,1.87,2.02
E0,19/09/2021,14:00,Brighton,Leicester,2,1,H,1,0,H,S Attwell,12,14,5,3,8,10,4,9,2,1,0,0,2.7,3.2,2.75,2.75,3.2,2.65,2.75,3.15,2.7,2.83,3.25,2.77,2.62,3.2,2.7,2.7,3.1,2.63,2.88,3.42,2.85,2.75,3.23,2.73,2.1,1.72,2.09,1.83,2.26,1.83,2.17,1.71,0,1.95,1.98,1.97,1.95,1.98,2,1.94,1.95,2.45,3.2,3,2.45,3.25,3,2.45,3.2,3,2.55,3.23,3.12,2.55,3.1,2.9,2.5,3.25,3,2.65,3.35,3.16,2.52,3.22,3.02,2,1.8,2.09,1.81,2.11,1.93,2.06,1.79,-0.25,2.14,1.8,2.17,1.79,2.2,1.82,2.15,1.77
E0,19/09/2021,14:00,West Ham,Man United,1,2,A,1,1,D,M Atkinson,13,17,4,10,5,8,2,11,0,0,0,0,4.33,4,1.75,4.4,4,1.75,4.3,3.9,1.77,4.69,3.9,1.81,4.6,3.7,1.75,4.4,3.8,1.73,4.84,4.05,1.83,4.51,3.9,1.78,1.66,2.2,1.72,2.24,1.73,2.33,1.69,2.21,0.75,1.91,2.02,1.9,2.03,1.94,2.03,1.88,2,4.2,3.8,1.8,4.4,3.8,1.8,4.3,3.75,1.83,4.31,3.79,1.89,4.4,3.6,1.8,4.5,3.7,1.8,4.63,4,1.92,4.38,3.77,1.83,1.9,1.9,1.9,2,1.93,2.07,1.86,1.97,0.75,1.75,2.05,1.79,2.15,1.91,2.17,1.82,2.07
E0,19/09/2021,16:30,Tottenham,Chelsea,0,3,A,0,0,D,P Tierney,8,20,2,10,4,15,5,11,0,1,0,0,5,3.8,1.7,5,3.75,1.72,4.9,3.8,1.7,4.98,4.02,1.74,4.6,3.7,1.75,5,3.5,1.7,5.1,4.05,1.81,4.89,3.83,1.74,2,1.8,2.15,1.78,2.19,1.83,2.09,1.77,0.75,1.93,2,1.93,2,1.94,2.01,1.91,1.97,4.33,3.4,1.85,4.4,3.4,1.9,4.1,3.4,1.95,4.2,3.4,2.04,4.2,3.6,1.83,4.1,3.4,2,4.82,3.6,2.06,4.2,3.41,1.97,2.2,1.66,2.19,1.75,2.25,1.83,2.15,1.73,0.5,1.89,2.04,1.89,2.04,2.25,2.08,1.91,1.98
